[{"from":"asowood7n@dot.gov","to":"bdagostini7b@histats.com","date":"2018-10-17"},
{"from":"dzanicchelli4n@ebay.com","to":"mbortolonims@patch.com","date":"2018-02-08"},
{"from":"fteaguepb@ehow.com","to":"aollerhad8y@oakley.com","date":"2018-11-23"},
{"from":"aklaessonon@unblog.fr","to":"ndyhouseln@smh.com.au","date":"2018-11-17"},
{"from":"hspellacey5f@lycos.com","to":"gkortingea@fema.gov","date":"2018-07-12"},
{"from":"bmillandft@ucoz.ru","to":"ahounihan1p@shutterfly.com","date":"2019-01-01"},
{"from":"hscheffel83@yale.edu","to":"ssteger7v@mac.com","date":"2018-07-29"},
{"from":"hmarti98@nifty.com","to":"groakerq@yale.edu","date":"2018-10-08"},
{"from":"esarjant40@hostgator.com","to":"rsapsforde8k@ucoz.ru","date":"2018-08-11"},
{"from":"lgossagefz@fda.gov","to":"jwidmoor4b@house.gov","date":"2018-11-08"},
{"from":"mbogeysij@instagram.com","to":"nambrosica@ted.com","date":"2018-03-15"},
{"from":"vmcaulayqt@scientificamerican.com","to":"qbrittoner3z@drupal.org","date":"2018-12-10"},
{"from":"jtweedyjf@exblog.jp","to":"kmeddick47@mashable.com","date":"2018-02-26"},
{"from":"ablunsen6i@naver.com","to":"ecallisskn@telegraph.co.uk","date":"2018-08-23"},
{"from":"aloggien1@sina.com.cn","to":"rreddelljk@latimes.com","date":"2018-03-13"},
{"from":"desomlr@ning.com","to":"rbuckbeekt@npr.org","date":"2018-08-25"},
{"from":"rianninir2@cnn.com","to":"gquigl4@github.io","date":"2018-04-28"},
{"from":"cdelayglesiaslk@kickstarter.com","to":"nbertlin8j@businessinsider.com","date":"2018-10-11"},
{"from":"ibransbykg@lulu.com","to":"loddieke@netscape.com","date":"2018-05-30"},
{"from":"bbeddishj@google.co.jp","to":"iratledgef1@zdnet.com","date":"2018-12-01"},
{"from":"tgiacomelli1c@dmoz.org","to":"sdonnekw@123-reg.co.uk","date":"2018-03-15"},
{"from":"tgunthorpeli@ucsd.edu","to":"oklossekb5@vimeo.com","date":"2019-01-18"},
{"from":"elipscombeoi@gov.uk","to":"agilardonidh@springer.com","date":"2019-01-16"},
{"from":"bwillmer2d@issuu.com","to":"ggauldpj@360.cn","date":"2018-09-18"},
{"from":"rdemschkehw@cloudflare.com","to":"agentzsch6d@paypal.com","date":"2018-05-27"},
{"from":"aflippellidk@cloudflare.com","to":"cradloffr0@forbes.com","date":"2019-01-02"},
{"from":"cduryio@blogspot.com","to":"dfaudriegt@opera.com","date":"2018-10-02"},
{"from":"fsumptern7@state.gov","to":"mdavidescu29@shutterfly.com","date":"2018-10-30"},
{"from":"dfarrandeg@economist.com","to":"lhurfordh7@google.ca","date":"2018-06-25"},
{"from":"mgosling6g@hexun.com","to":"iratledgef1@zdnet.com","date":"2018-10-10"},
{"from":"smayhew5d@sciencedirect.com","to":"dacresmn@state.gov","date":"2018-02-10"},
{"from":"pcootelv@mlb.com","to":"atrewman84@tripod.com","date":"2019-01-20"},
{"from":"jromanet8h@hexun.com","to":"kivashin6e@boston.com","date":"2018-05-16"},
{"from":"vorchart16@hhs.gov","to":"ahounihan1p@shutterfly.com","date":"2019-01-01"},
{"from":"gibesonlu@yelp.com","to":"gcrossan42@ed.gov","date":"2018-06-08"},
{"from":"smarfeav@facebook.com","to":"nlattimore41@ebay.com","date":"2018-08-23"},
{"from":"xvandenhofd@salon.com","to":"gvinase@godaddy.com","date":"2018-08-16"},
{"from":"lbraidaz@netscape.com","to":"ktixallol@reference.com","date":"2018-09-13"},
{"from":"bbrandolinia0@clickbank.net","to":"pmccaughenr@csmonitor.com","date":"2018-06-25"},
{"from":"nfiveash17@epa.gov","to":"lsimkovicho1@shutterfly.com","date":"2019-01-26"},
{"from":"groakerq@yale.edu","to":"hcosten8z@msn.com","date":"2018-10-24"},
{"from":"dpehrssonmj@tmall.com","to":"dfortescue49@tripod.com","date":"2018-02-03"},
{"from":"wwytchard87@nps.gov","to":"odallaghanis@phoca.cz","date":"2019-01-12"},
{"from":"rferson9u@odnoklassniki.ru","to":"jsnepp52@usnews.com","date":"2018-08-21"},
{"from":"kmcphatec9@topsy.com","to":"bcrawforth4i@com.com","date":"2018-12-19"},
{"from":"jcicchinelliat@cbc.ca","to":"ltacklw@feedburner.com","date":"2018-09-21"},
{"from":"ggallehawkn2@ftc.gov","to":"msenoglescx@webeden.co.uk","date":"2018-12-25"},
{"from":"fmariaudu@eepurl.com","to":"rhartingtonp4@yelp.com","date":"2018-04-18"},
{"from":"msuero8t@go.com","to":"nambrosica@ted.com","date":"2018-08-12"},
{"from":"maves2a@arstechnica.com","to":"abissell59@squarespace.com","date":"2018-06-05"},
{"from":"mgosling6g@hexun.com","to":"pverlinde9s@moonfruit.com","date":"2018-10-14"},
{"from":"vpokergo@umich.edu","to":"twaddilowb7@biblegateway.com","date":"2018-08-13"},
{"from":"rhoudmontlz@macromedia.com","to":"rroblinc@vk.com","date":"2018-09-10"},
{"from":"lsimkovicho1@shutterfly.com","to":"fheersemapk@ameblo.jp","date":"2018-11-06"},
{"from":"gdessonjb@godaddy.com","to":"gsakinsd2@liveinternet.ru","date":"2018-06-11"},
{"from":"sdebenedictisbg@google.pl","to":"tkavanaghpi@cloudflare.com","date":"2018-06-09"},
{"from":"rchaffer9y@comsenz.com","to":"lstannis58@ucoz.com","date":"2018-04-26"},
{"from":"aocollopyb@europa.eu","to":"mdugmore8m@t.co","date":"2018-04-05"},
{"from":"vsterriejz@tinypic.com","to":"hhosburnpg@nba.com","date":"2018-03-27"},
{"from":"lwithefordhc@goo.gl","to":"scogswell9@vkontakte.ru","date":"2018-06-16"},
{"from":"edelcastelkc@cbslocal.com","to":"vcoursorhb@moonfruit.com","date":"2018-04-07"},
{"from":"sjaskiewiczlp@ted.com","to":"kgeibelpu@cbc.ca","date":"2018-12-28"},
{"from":"mbonessi5@furl.net","to":"gsakinsd2@liveinternet.ru","date":"2018-09-25"},
{"from":"vciccettibc@dyndns.org","to":"btabbitt46@google.cn","date":"2018-07-06"},
{"from":"nsaywoodbq@cnn.com","to":"ctamburicf@washingtonpost.com","date":"2018-06-13"},
{"from":"shopferii@1und1.de","to":"bmillandft@ucoz.ru","date":"2018-04-02"},
{"from":"bbrandolinia0@clickbank.net","to":"pfragino9p@behance.net","date":"2018-08-21"},
{"from":"nsandhillgi@dagondesign.com","to":"glovegroveiz@sohu.com","date":"2018-08-02"},
{"from":"icreanjx@vkontakte.ru","to":"fluc3e@fastcompany.com","date":"2018-02-24"},
{"from":"bfaradyb4@booking.com","to":"mmapstonr7@github.io","date":"2018-11-21"},
{"from":"ganten1q@hhs.gov","to":"hfermingerrj@walmart.com","date":"2018-12-12"},
{"from":"ahayleyn6@nps.gov","to":"dkilshawmg@surveymonkey.com","date":"2018-07-24"},
{"from":"tdestouchea1@php.net","to":"ymattaus6m@bbb.org","date":"2018-06-28"},
{"from":"gcrossan42@ed.gov","to":"jmacduffp3@behance.net","date":"2018-07-10"},
{"from":"tfaintlt@bbc.co.uk","to":"amcgahykh@psu.edu","date":"2018-02-06"},
{"from":"aferbrachedu@gnu.org","to":"mgoodwyn3d@netlog.com","date":"2018-08-29"},
{"from":"dwoofi9@dell.com","to":"tkavanaghpi@cloudflare.com","date":"2018-09-04"},
{"from":"mkensall1v@jugem.jp","to":"pblackhurstla@intel.com","date":"2018-06-01"},
{"from":"jpinkertonbh@theguardian.com","to":"lbamboroughka@google.com.br","date":"2018-07-19"},
{"from":"lbohlingolsenqk@google.de","to":"lkingsforder@parallels.com","date":"2018-12-30"},
{"from":"bdagostini7b@histats.com","to":"cspitell5@themeforest.net","date":"2018-02-06"},
{"from":"cjanseyb3@economist.com","to":"lfevercu@ucoz.com","date":"2018-09-17"},
{"from":"fmariaudu@eepurl.com","to":"fpodd7w@istockphoto.com","date":"2018-04-15"},
{"from":"bprycejg@jimdo.com","to":"rkleinsterneu@g.co","date":"2018-07-28"},
{"from":"awhittick1n@surveymonkey.com","to":"qlarby2q@samsung.com","date":"2019-01-03"},
{"from":"lbraidaz@netscape.com","to":"dtoolincj@pagesperso-orange.fr","date":"2018-04-01"},
{"from":"eebbs8@google.pl","to":"asysland9l@usda.gov","date":"2018-03-19"},
{"from":"jspeedyjr@fotki.com","to":"jwidmoor4b@house.gov","date":"2018-03-09"},
{"from":"aruddock4d@over-blog.com","to":"zpattendenim@surveymonkey.com","date":"2018-04-23"},
{"from":"esutcliffehy@etsy.com","to":"mfeirn27@nih.gov","date":"2018-04-13"},
{"from":"gquigl4@github.io","to":"gleonida5w@aol.com","date":"2018-02-02"},
{"from":"cwindaybankcq@blogspot.com","to":"cscoatespn@deliciousdays.com","date":"2018-06-17"},
{"from":"psaltwellmm@vkontakte.ru","to":"dsouterd8@omniture.com","date":"2018-02-24"},
{"from":"scossar2c@printfriendly.com","to":"kivanchenkovg7@spiegel.de","date":"2018-09-09"},
{"from":"rtriebnerck@businesswire.com","to":"fteaguepb@ehow.com","date":"2018-03-31"},
{"from":"rroblinc@vk.com","to":"spreon6b@skyrock.com","date":"2018-02-09"},
{"from":"bmoline80@goo.gl","to":"mcubbon1y@sfgate.com","date":"2018-10-06"},
{"from":"lobalgb@twitter.com","to":"bfaradyb4@booking.com","date":"2018-06-23"},
{"from":"ititcumbj3@java.com","to":"ndurtnelmk@squarespace.com","date":"2018-05-01"},
{"from":"ktescheig@altervista.org","to":"dhatterslaye6@bandcamp.com","date":"2018-07-11"},
{"from":"rhartingtonp4@yelp.com","to":"lesseby7p@blogger.com","date":"2018-04-11"},
{"from":"fdelhantygf@vistaprint.com","to":"bfaradyb4@booking.com","date":"2018-12-28"},
{"from":"gkortingea@fema.gov","to":"lturnbull4l@google.pl","date":"2018-05-12"},
{"from":"joldroydfc@umn.edu","to":"ecotheypd@dot.gov","date":"2018-09-16"},
{"from":"snewboldrk@ibm.com","to":"scossar2c@printfriendly.com","date":"2018-09-27"},
{"from":"chindrickna@godaddy.com","to":"vbleasbynt@usnews.com","date":"2018-12-31"},
{"from":"vuvedalel0@uol.com.br","to":"gbasilottaz@europa.eu","date":"2019-01-24"},
{"from":"vmcaulayqt@scientificamerican.com","to":"ufilyakovey@taobao.com","date":"2018-09-18"},
{"from":"fattwill78@shareasale.com","to":"cambrogioni34@huffingtonpost.com","date":"2018-05-08"},
{"from":"wmcalestergx@washington.edu","to":"ssaphin5l@delicious.com","date":"2018-10-17"},
{"from":"ksavoryp6@ustream.tv","to":"jcardoeop@ucsd.edu","date":"2018-11-30"},
{"from":"cbullinghamao@tamu.edu","to":"bfoulkes3q@arstechnica.com","date":"2018-02-04"},
{"from":"ajoscelynqa@utexas.edu","to":"tstrudwickg2@spiegel.de","date":"2018-08-05"},
{"from":"cpykeh5@ox.ac.uk","to":"dlimrickf9@miibeian.gov.cn","date":"2018-06-26"},
{"from":"bdagostini7b@histats.com","to":"dbenner1s@noaa.gov","date":"2018-06-02"},
{"from":"hdinglemd@shop-pro.jp","to":"lbierlingp9@mozilla.org","date":"2018-12-22"},
{"from":"kcollipct@dion.ne.jp","to":"asonnerpf@tumblr.com","date":"2018-05-04"},
{"from":"gbalogde@cyberchimps.com","to":"ndurningqw@tmall.com","date":"2018-08-19"},
{"from":"rdresseh2@intel.com","to":"snaperlh@mlb.com","date":"2018-04-21"},
{"from":"npaliserai@mac.com","to":"mroseveare2k@pen.io","date":"2018-01-31"},
{"from":"klugsdin55@ehow.com","to":"mdanceyo2@psu.edu","date":"2018-11-12"},
{"from":"irosenblathf4@imdb.com","to":"gbalmadiern@mapquest.com","date":"2018-04-01"},
{"from":"nwisniewskir3@fema.gov","to":"msuero8t@go.com","date":"2018-04-03"},
{"from":"bdikesnw@cpanel.net","to":"atupp2j@bandcamp.com","date":"2018-04-30"},
{"from":"aseifenmacherp7@themeforest.net","to":"agliddon97@about.me","date":"2018-04-15"},
{"from":"ahogsdenkf@360.cn","to":"bsends7o@51.la","date":"2018-10-05"},
{"from":"dsouterd8@omniture.com","to":"nambrosica@ted.com","date":"2018-11-15"},
{"from":"dgoskeri8@netlog.com","to":"gbasilottaz@europa.eu","date":"2018-12-21"},
{"from":"npaliserai@mac.com","to":"adederich4y@typepad.com","date":"2018-06-01"},
{"from":"dbenner1s@noaa.gov","to":"apyburncd@narod.ru","date":"2018-05-27"},
{"from":"igisbeyl7@meetup.com","to":"abolesworthmf@imdb.com","date":"2018-12-24"},
{"from":"gguerreaue9@mapy.cz","to":"ddrewryt@zdnet.com","date":"2018-07-31"},
{"from":"cclutterbuck1g@state.gov","to":"ssaphin5l@delicious.com","date":"2018-10-05"},
{"from":"oskahilldv@techcrunch.com","to":"vcoursorhb@moonfruit.com","date":"2018-08-22"},
{"from":"kleafe7l@wiley.com","to":"tsenettip@engadget.com","date":"2018-02-17"},
{"from":"rellershawdf@simplemachines.org","to":"lpetrenkog3@clickbank.net","date":"2018-08-26"},
{"from":"jcicchinelliat@cbc.ca","to":"atrewman84@tripod.com","date":"2018-11-06"},
{"from":"lhanigangp@gov.uk","to":"xvandenhofd@salon.com","date":"2018-07-24"},
{"from":"twaddilowb7@biblegateway.com","to":"gbalogde@cyberchimps.com","date":"2018-10-27"},
{"from":"cradloffr0@forbes.com","to":"tsecretfp@ovh.net","date":"2018-03-16"},
{"from":"snaperlh@mlb.com","to":"mbonessi5@furl.net","date":"2018-03-25"},
{"from":"sshephardkv@squarespace.com","to":"lduferie77@symantec.com","date":"2018-11-01"},
{"from":"ctrevertonbd@amazon.co.jp","to":"rgettingshd@tamu.edu","date":"2018-08-22"},
{"from":"vdeathaa@linkedin.com","to":"gfurneauxi4@imgur.com","date":"2018-12-29"},
{"from":"dbotheiw@wisc.edu","to":"cplumer4o@wikipedia.org","date":"2018-10-18"},
{"from":"bkleinsternl6@google.pl","to":"vmcaulayqt@scientificamerican.com","date":"2018-12-03"},
{"from":"bcrawforth4i@com.com","to":"tenricoq0@xing.com","date":"2018-05-25"},
{"from":"maves2a@arstechnica.com","to":"bcoleirop0@xinhuanet.com","date":"2018-09-18"},
{"from":"dludvigsen3f@yahoo.co.jp","to":"bbrookesrl@1688.com","date":"2018-05-19"},
{"from":"aedworthiefh@miibeian.gov.cn","to":"spantinc5@mail.ru","date":"2018-02-24"},
{"from":"mpavierjy@networksolutions.com","to":"lhiggen5o@paypal.com","date":"2018-06-14"},
{"from":"chindrickna@godaddy.com","to":"ctitheringtonev@plala.or.jp","date":"2018-07-17"},
{"from":"barendsen2z@naver.com","to":"mdangeloqq@dedecms.com","date":"2018-04-20"},
{"from":"amccreaghns@ibm.com","to":"jwidmoor4b@house.gov","date":"2018-06-21"},
{"from":"wiannellohe@chronoengine.com","to":"cjanseyb3@economist.com","date":"2018-07-15"},
{"from":"nshilton4t@typepad.com","to":"bhaggusl1@thetimes.co.uk","date":"2018-12-21"},
{"from":"ksailerrd@csmonitor.com","to":"nrowlstoneqp@dmoz.org","date":"2018-02-21"},
{"from":"lbierlingp9@mozilla.org","to":"fguilletonoy@ycombinator.com","date":"2018-12-17"},
{"from":"pmccaughenr@csmonitor.com","to":"ctrevertonbd@amazon.co.jp","date":"2019-01-04"},
{"from":"wgarrardib@baidu.com","to":"lklousnera7@cafepress.com","date":"2018-03-06"},
{"from":"bchittey44@webmd.com","to":"lobalgb@twitter.com","date":"2018-10-30"},
{"from":"lpammenter1e@rambler.ru","to":"skoubujv@admin.ch","date":"2018-06-22"},
{"from":"adorsayoj@wikipedia.org","to":"wprickett1x@va.gov","date":"2018-10-22"},
{"from":"ahorrod8u@exblog.jp","to":"mstiveycp@indiegogo.com","date":"2018-11-27"},
{"from":"rfesbyhf@nyu.edu","to":"agallyhaockjo@rediff.com","date":"2018-01-31"},
{"from":"nskillmanne@netvibes.com","to":"cginnelly8a@taobao.com","date":"2018-09-01"},
{"from":"mroseveare2k@pen.io","to":"djelfbl@discuz.net","date":"2018-05-06"},
{"from":"rhutchingesba@purevolume.com","to":"gjurasekmq@who.int","date":"2018-03-11"},
{"from":"mludmann8p@ustream.tv","to":"mosherinfi@huffingtonpost.com","date":"2018-05-23"},
{"from":"jkeepq2@shutterfly.com","to":"sdonnekw@123-reg.co.uk","date":"2018-05-12"},
{"from":"sstorreeq@chicagotribune.com","to":"hwolfeds@edublogs.org","date":"2018-05-19"},
{"from":"nheeley36@ifeng.com","to":"gkortingea@fema.gov","date":"2018-08-02"},
{"from":"wgoalby18@forbes.com","to":"kcollipct@dion.ne.jp","date":"2018-02-14"},
{"from":"smacpeicefa@posterous.com","to":"bchittey44@webmd.com","date":"2018-04-26"},
{"from":"sfolley7q@businesswire.com","to":"nboldingdw@state.gov","date":"2018-07-25"},
{"from":"jcurzonkr@cbslocal.com","to":"ddollenb2@chronoengine.com","date":"2018-11-14"},
{"from":"bdohms3u@usnews.com","to":"sdomnickhi@youtube.com","date":"2018-05-26"},
{"from":"kscotland6k@cbsnews.com","to":"mkensall1v@jugem.jp","date":"2018-07-18"},
{"from":"lmoralisec@tinypic.com","to":"wserridgehm@dagondesign.com","date":"2018-10-26"},
{"from":"bwiddecombed9@livejournal.com","to":"ggallehawkn2@ftc.gov","date":"2018-04-19"},
{"from":"abutterisj5@surveymonkey.com","to":"fbinding4w@sourceforge.net","date":"2019-01-24"},
{"from":"jspeedyjr@fotki.com","to":"kprykea3@myspace.com","date":"2018-09-19"},
{"from":"lstannis58@ucoz.com","to":"rianninir2@cnn.com","date":"2018-07-07"},
{"from":"rstollbergerge@parallels.com","to":"fmariaudu@eepurl.com","date":"2018-09-19"},
{"from":"hovenden7y@freewebs.com","to":"mwalstermw@google.de","date":"2018-02-21"},
{"from":"pdomanski9m@bizjournals.com","to":"bupstellj@goo.ne.jp","date":"2018-02-03"},
{"from":"hscheffel83@yale.edu","to":"tlambard13@hud.gov","date":"2019-01-02"},
{"from":"fdelhantygf@vistaprint.com","to":"twillas5u@4shared.com","date":"2018-03-11"},
{"from":"bdikesnw@cpanel.net","to":"bgofford1j@ucoz.com","date":"2018-10-11"},
{"from":"igummarykx@angelfire.com","to":"gquigl4@github.io","date":"2018-09-27"},
{"from":"tfaccini3y@t.co","to":"agallyhaockjo@rediff.com","date":"2018-11-01"},
{"from":"rpointer45@wsj.com","to":"ggallehawkn2@ftc.gov","date":"2018-05-18"},
{"from":"gfurneauxi4@imgur.com","to":"sogden7@nifty.com","date":"2018-05-06"},
{"from":"ldomesdayfb@wix.com","to":"mbagequ@fastcompany.com","date":"2018-03-06"},
{"from":"mludmann8p@ustream.tv","to":"pdomanski9m@bizjournals.com","date":"2018-07-17"},
{"from":"sjirusc4@over-blog.com","to":"vdeathaa@linkedin.com","date":"2018-11-06"},
{"from":"mslyvester5z@opera.com","to":"colliffih@examiner.com","date":"2018-03-26"},
{"from":"ibowskilllm@usnews.com","to":"vkurten6h@spiegel.de","date":"2018-07-13"},
{"from":"ablakerch@dedecms.com","to":"iblackburneof@digg.com","date":"2018-11-11"},
{"from":"paudrey5n@so-net.ne.jp","to":"cpiggotnl@buzzfeed.com","date":"2018-05-15"},
{"from":"ndyhouseln@smh.com.au","to":"tladbrookcy@istockphoto.com","date":"2019-01-13"},
{"from":"gsakinsd2@liveinternet.ru","to":"bwoolnerh3@blinklist.com","date":"2018-03-19"},
{"from":"rbombam@weebly.com","to":"dvailma@pen.io","date":"2018-07-06"},
{"from":"apyburncd@narod.ru","to":"hbergenrp@ihg.com","date":"2019-01-01"},
{"from":"croncellid3@ihg.com","to":"slabbeyqv@google.co.jp","date":"2018-04-24"},
{"from":"hphippfx@chronoengine.com","to":"zcallqy@unc.edu","date":"2018-09-17"},
{"from":"eemmetot@google.com","to":"jredrupdp@lulu.com","date":"2018-06-28"},
{"from":"dbenner1s@noaa.gov","to":"kcollipct@dion.ne.jp","date":"2018-10-08"},
{"from":"sblaszczykd5@indiatimes.com","to":"atrewman84@tripod.com","date":"2018-07-26"},
{"from":"dspearsl5@ibm.com","to":"jcollettml@nba.com","date":"2018-04-08"},
{"from":"dmcaughtriebx@nih.gov","to":"glovegroveiz@sohu.com","date":"2018-04-05"},
{"from":"bpayntona9@alibaba.com","to":"nberjc@wikipedia.org","date":"2018-06-28"},
{"from":"ggraeme4e@ftc.gov","to":"cstathor86@utexas.edu","date":"2018-11-08"},
{"from":"tlyfee1@independent.co.uk","to":"smolineuxfv@telegraph.co.uk","date":"2018-05-09"},
{"from":"dlenoirf0@sakura.ne.jp","to":"nmcpikegd@google.com.hk","date":"2018-04-11"},
{"from":"cterbeekmp@scribd.com","to":"pbrimblecombenr@free.fr","date":"2018-07-21"},
{"from":"esircomb5c@ask.com","to":"ltitchenerki@wikia.com","date":"2018-06-01"},
{"from":"slegerwood1f@prlog.org","to":"dzanicchelli4n@ebay.com","date":"2018-10-11"},
{"from":"igisbeyl7@meetup.com","to":"edelcastelkc@cbslocal.com","date":"2018-10-01"},
{"from":"hmarti98@nifty.com","to":"efantonettik2@businessinsider.com","date":"2018-02-28"},
{"from":"tchimenti8d@discovery.com","to":"cdodwellax@google.co.jp","date":"2018-12-04"},
{"from":"ododwell4q@kickstarter.com","to":"awillmettsda@photobucket.com","date":"2018-03-20"},
{"from":"fheersemapk@ameblo.jp","to":"ealebrookelq@dell.com","date":"2018-10-03"},
{"from":"smockescg@answers.com","to":"wbrunon4z@imdb.com","date":"2018-10-04"},
{"from":"mcanny92@miibeian.gov.cn","to":"jtweedyjf@exblog.jp","date":"2018-10-16"},
{"from":"missitt9j@opensource.org","to":"zcelloef@miibeian.gov.cn","date":"2018-12-08"},
{"from":"amodenqn@meetup.com","to":"kscollard35@ibm.com","date":"2018-11-04"},
{"from":"iratledgef1@zdnet.com","to":"gbrugemannk@github.com","date":"2018-04-16"},
{"from":"hhalden8n@list-manage.com","to":"ajoscelynqa@utexas.edu","date":"2018-10-11"},
{"from":"cmitrikhinjn@loc.gov","to":"hlinskeyco@google.com.br","date":"2018-04-05"},
{"from":"kmurrellm4@nifty.com","to":"ddrewryt@zdnet.com","date":"2019-01-25"},
{"from":"hmcgouganlg@over-blog.com","to":"cnaysheb8@disqus.com","date":"2018-08-20"},
{"from":"bumankz@uiuc.edu","to":"igummarykx@angelfire.com","date":"2018-09-23"},
{"from":"akehoeku@over-blog.com","to":"afarrantsht@123-reg.co.uk","date":"2018-06-20"},
{"from":"aoxenden67@go.com","to":"lrameauxi7@netlog.com","date":"2018-09-01"},
{"from":"dwilmorei2@artisteer.com","to":"missitt9j@opensource.org","date":"2018-04-16"},
{"from":"cruttgerse4@google.com.au","to":"tenricoq0@xing.com","date":"2018-07-30"},
{"from":"mallanby5a@mapy.cz","to":"scossar2c@printfriendly.com","date":"2018-02-07"},
{"from":"bfitzsymon60@state.tx.us","to":"aloyndonn5@soundcloud.com","date":"2018-02-28"},
{"from":"desomlr@ning.com","to":"cduryio@blogspot.com","date":"2018-07-25"},
{"from":"nsandhillgi@dagondesign.com","to":"gmatt4f@intel.com","date":"2018-06-01"},
{"from":"erobez7x@abc.net.au","to":"kprykea3@myspace.com","date":"2018-05-01"},
{"from":"hmarti98@nifty.com","to":"rhannabussc1@wunderground.com","date":"2018-02-16"},
{"from":"tenricoq0@xing.com","to":"wboggis65@fc2.com","date":"2018-10-07"},
{"from":"cbalesrm@ftc.gov","to":"akehoeku@over-blog.com","date":"2018-10-15"},
{"from":"mrawoodit@reference.com","to":"sblaszczykd5@indiatimes.com","date":"2018-04-13"},
{"from":"wyellep39@uiuc.edu","to":"egouinlock3p@flickr.com","date":"2018-12-23"},
{"from":"ebriscoeqr@msu.edu","to":"aarnoldi2p@constantcontact.com","date":"2018-09-03"},
{"from":"asibbeh9@ocn.ne.jp","to":"csaxelbyiu@etsy.com","date":"2018-04-07"},
{"from":"cwindaybankcq@blogspot.com","to":"fsexceyo5@mit.edu","date":"2018-07-10"},
{"from":"kbourleym6@creativecommons.org","to":"hcosten8z@msn.com","date":"2018-11-03"},
{"from":"ddanbrookj4@ow.ly","to":"fstringfellowo@latimes.com","date":"2018-12-28"},
{"from":"nboldingdw@state.gov","to":"bpieronile@wp.com","date":"2018-09-11"},
{"from":"lthewlesm8@tuttocitta.it","to":"smarfeav@facebook.com","date":"2018-03-16"},
{"from":"wgoalby18@forbes.com","to":"tgoodayleee@usa.gov","date":"2018-09-03"},
{"from":"cterbeekmp@scribd.com","to":"vthoumasbu@economist.com","date":"2018-10-04"},
{"from":"jspeedyjr@fotki.com","to":"dlimrickf9@miibeian.gov.cn","date":"2018-11-02"},
{"from":"nschulzebk@behance.net","to":"afiddymont9k@marketwatch.com","date":"2018-09-07"},
{"from":"yramsdell2g@eventbrite.com","to":"hmcgouganlg@over-blog.com","date":"2018-11-23"},
{"from":"pfearneyhq@github.io","to":"gdamrelhs@cornell.edu","date":"2018-11-14"},
{"from":"sblakemore7f@nationalgeographic.com","to":"hbraimeng@walmart.com","date":"2018-07-22"},
{"from":"wbrunon4z@imdb.com","to":"dlimrickf9@miibeian.gov.cn","date":"2018-03-13"},
{"from":"sjaskiewiczlp@ted.com","to":"twingermx@businesswire.com","date":"2019-01-15"},
{"from":"hmcelreafy@ucsd.edu","to":"bcoleirop0@xinhuanet.com","date":"2018-04-08"},
{"from":"wmcarthur7e@360.cn","to":"saslin7r@army.mil","date":"2018-07-31"},
{"from":"gtringnd@cnn.com","to":"jhoultham6n@disqus.com","date":"2018-08-24"},
{"from":"dlenoirf0@sakura.ne.jp","to":"lmoralisec@tinypic.com","date":"2018-09-22"},
{"from":"hlinskeyco@google.com.br","to":"rcicconefo@icio.us","date":"2018-09-13"},
{"from":"gmatthews5p@admin.ch","to":"msenoglescx@webeden.co.uk","date":"2018-09-12"},
{"from":"cbullinghamao@tamu.edu","to":"epeeke1b@loc.gov","date":"2018-04-29"},
{"from":"vcoursorhb@moonfruit.com","to":"tinderwickn9@xrea.com","date":"2018-03-22"},
{"from":"gjurasekmq@who.int","to":"rtrowbridge4s@imgur.com","date":"2018-02-21"},
{"from":"mrawoodit@reference.com","to":"nnoodseo@ow.ly","date":"2018-02-12"},
{"from":"gravenscraft32@miibeian.gov.cn","to":"jredrupdp@lulu.com","date":"2018-06-07"},
{"from":"mdracogn@admin.ch","to":"nmccuddengj@hubpages.com","date":"2018-07-16"},
{"from":"nkunathe7@dailymail.co.uk","to":"lduffillej@nsw.gov.au","date":"2018-07-02"},
{"from":"ahorrod8u@exblog.jp","to":"wboggis65@fc2.com","date":"2018-03-12"},
{"from":"dlammimanqi@utexas.edu","to":"mdavidescu29@shutterfly.com","date":"2018-05-26"},
{"from":"achallesj8@parallels.com","to":"hcornfordc7@fastcompany.com","date":"2018-12-31"},
{"from":"gkortingea@fema.gov","to":"mghiriardelli7a@google.co.jp","date":"2018-12-11"},
{"from":"phimsworthbr@ezinearticles.com","to":"bfaradyb4@booking.com","date":"2018-10-15"},
{"from":"amcgahykh@psu.edu","to":"cplumer4o@wikipedia.org","date":"2019-01-08"},
{"from":"nwedlock2x@nps.gov","to":"llabromod@skyrock.com","date":"2018-11-18"},
{"from":"sbirtchnell2r@ebay.co.uk","to":"ktixallol@reference.com","date":"2018-05-11"},
{"from":"djelfbl@discuz.net","to":"sgrzesiewiczeh@nyu.edu","date":"2018-02-17"},
{"from":"ephythiana@china.com.cn","to":"tridehalghro@lulu.com","date":"2018-02-27"},
{"from":"tburtt4h@macromedia.com","to":"kdrew85@msu.edu","date":"2018-06-18"},
{"from":"cnecoldsf5@fema.gov","to":"abollin75@nbcnews.com","date":"2018-03-06"},
{"from":"mdupre2m@newyorker.com","to":"tenricoq0@xing.com","date":"2018-05-21"},
{"from":"mgoodwyn3d@netlog.com","to":"selpheegk@google.de","date":"2018-09-17"},
{"from":"vmcaulayqt@scientificamerican.com","to":"atomsarh@bloglines.com","date":"2018-03-11"},
{"from":"myousef5g@cyberchimps.com","to":"akindleysidesh4@digg.com","date":"2018-05-20"},
{"from":"editchfielddn@shinystat.com","to":"rianninir2@cnn.com","date":"2018-11-25"},
{"from":"omorantdj@hud.gov","to":"ptraskra@skype.com","date":"2018-09-14"},
{"from":"ggrisenthwaiteov@printfriendly.com","to":"kbourleym6@creativecommons.org","date":"2018-08-13"},
{"from":"htaylernz@a8.net","to":"bmollon0@apache.org","date":"2018-08-02"},
{"from":"ealebrookelq@dell.com","to":"fpodd7w@istockphoto.com","date":"2018-12-11"},
{"from":"nlattimore41@ebay.com","to":"kgehringerb0@smugmug.com","date":"2018-09-08"},
{"from":"nkenwin8o@sbwire.com","to":"dslamakerdc@imgur.com","date":"2018-07-13"},
{"from":"fmorricep2@chron.com","to":"flaviescv@deliciousdays.com","date":"2018-03-05"},
{"from":"habys91@hatena.ne.jp","to":"sjumonetap@answers.com","date":"2018-06-28"},
{"from":"gbrugemannk@github.com","to":"mfrimanbi@ftc.gov","date":"2018-08-13"},
{"from":"wtumininihz@goo.gl","to":"nperisar@creativecommons.org","date":"2018-09-05"},
{"from":"abowsherlo@parallels.com","to":"khenriqueshp@sbwire.com","date":"2018-10-16"},
{"from":"ebriscoeqr@msu.edu","to":"pglendzer10@issuu.com","date":"2018-09-25"},
{"from":"lpammenter1e@rambler.ru","to":"ltacklw@feedburner.com","date":"2018-02-16"},
{"from":"hharbertf7@privacy.gov.au","to":"crowesby9t@themeforest.net","date":"2018-06-11"},
{"from":"gadnetmi@businessweek.com","to":"kraymenq4@domainmarket.com","date":"2019-01-02"},
{"from":"cbaldrick6c@tripadvisor.com","to":"diohananof9d@businessinsider.com","date":"2018-07-03"},
{"from":"nberjc@wikipedia.org","to":"rspraggeae@fc2.com","date":"2018-11-26"},
{"from":"sgrimoldbydx@cbsnews.com","to":"cparkeyri@macromedia.com","date":"2018-05-14"},
{"from":"msteelix@weebly.com","to":"hheinzleri3@google.com.hk","date":"2018-07-15"},
{"from":"iforster9w@nsw.gov.au","to":"ssteger7v@mac.com","date":"2018-02-02"},
{"from":"fsumptern7@state.gov","to":"rspraggeae@fc2.com","date":"2019-01-08"},
{"from":"sclapison14@geocities.com","to":"bfaullgu@intel.com","date":"2018-12-31"},
{"from":"tedelmanci@shop-pro.jp","to":"ggallehawkn2@ftc.gov","date":"2018-03-07"},
{"from":"sclapison14@geocities.com","to":"hharbertf7@privacy.gov.au","date":"2018-10-26"},
{"from":"cdannelln0@sitemeter.com","to":"emiddlerfu@omniture.com","date":"2018-11-30"},
{"from":"hbartalotx@pinterest.com","to":"rtrowbridge4s@imgur.com","date":"2018-03-05"},
{"from":"dbotheiw@wisc.edu","to":"nbissillh6@about.com","date":"2018-11-25"},
{"from":"lklousnera7@cafepress.com","to":"emiddlerfu@omniture.com","date":"2018-11-28"},
{"from":"shopferii@1und1.de","to":"ctamburicf@washingtonpost.com","date":"2018-04-21"},
{"from":"apetruska1a@eventbrite.com","to":"wserridgehm@dagondesign.com","date":"2018-07-22"},
{"from":"dsimion8f@devhub.com","to":"amacmenamie8v@hp.com","date":"2018-09-18"},
{"from":"lsimkovicho1@shutterfly.com","to":"clevanes@friendfeed.com","date":"2018-09-08"},
{"from":"dcordsky@msn.com","to":"bdagostini7b@histats.com","date":"2018-08-31"},
{"from":"amcgahykh@psu.edu","to":"whuskeb6@huffingtonpost.com","date":"2019-01-15"},
{"from":"mblewab@aol.com","to":"rbanting1w@jiathis.com","date":"2018-06-12"},
{"from":"nbarkusd7@epa.gov","to":"djelfbl@discuz.net","date":"2018-01-27"},
{"from":"lriplynj@trellian.com","to":"priccardokj@joomla.org","date":"2018-04-21"},
{"from":"lsimkovicho1@shutterfly.com","to":"dguillford73@blogs.com","date":"2018-08-03"},
{"from":"tridehalghro@lulu.com","to":"sbourgeoisk6@netlog.com","date":"2018-10-06"},
{"from":"hmcduffierb@list-manage.com","to":"sstorreeq@chicagotribune.com","date":"2018-10-03"},
{"from":"jcrichleyas@jimdo.com","to":"aelceia@edublogs.org","date":"2018-06-02"},
{"from":"vdeathaa@linkedin.com","to":"dsimion8f@devhub.com","date":"2019-01-23"},
{"from":"mgosling6g@hexun.com","to":"cgustus71@ovh.net","date":"2018-03-05"},
{"from":"jwidger62@gov.uk","to":"cjanseyb3@economist.com","date":"2018-02-03"},
{"from":"dlimrickf9@miibeian.gov.cn","to":"jpovelein@mysql.com","date":"2018-07-11"},
{"from":"ggiacaponii0@webnode.com","to":"hphippfx@chronoengine.com","date":"2018-03-16"},
{"from":"dmaccathaydq@census.gov","to":"sbankerik@guardian.co.uk","date":"2018-11-18"},
{"from":"hpieteschm3@addtoany.com","to":"rnuccii1l@etsy.com","date":"2018-07-26"},
{"from":"fredonor@ebay.co.uk","to":"grawsthorneks@princeton.edu","date":"2018-08-14"},
{"from":"lbullarcs@trellian.com","to":"pzettler9c@guardian.co.uk","date":"2018-09-03"},
{"from":"acass4r@irs.gov","to":"gscholling70@ibm.com","date":"2018-09-28"},
{"from":"kfarakerkm@booking.com","to":"sbourgeoisk6@netlog.com","date":"2018-03-05"},
{"from":"gleonida5w@aol.com","to":"galloneep@last.fm","date":"2018-05-17"},
{"from":"bphupratehu@webmd.com","to":"rgodspedeg4@washington.edu","date":"2018-02-09"},
{"from":"ddamrellnk@howstuffworks.com","to":"cnecoldsf5@fema.gov","date":"2018-03-29"},
{"from":"selpheegk@google.de","to":"lrymourlj@abc.net.au","date":"2018-09-24"},
{"from":"cchern6r@about.me","to":"kmurrellm4@nifty.com","date":"2018-04-05"},
{"from":"dromeraqc@chron.com","to":"egreathamfn@yale.edu","date":"2018-08-31"},
{"from":"cfebryl9@twitpic.com","to":"mstodit6q@de.vu","date":"2018-05-31"},
{"from":"escougallkb@boston.com","to":"fcrimesnc@xing.com","date":"2018-08-29"},
{"from":"pkaspar3o@tmall.com","to":"cambrogioni34@huffingtonpost.com","date":"2018-02-02"},
{"from":"snatte9o@gov.uk","to":"mswanboroughpq@harvard.edu","date":"2018-08-25"},
{"from":"lmoralisec@tinypic.com","to":"jprineqj@yale.edu","date":"2018-05-19"},
{"from":"gguerreaue9@mapy.cz","to":"kmcphatec9@topsy.com","date":"2018-07-07"},
{"from":"vorchart16@hhs.gov","to":"jbrattyg1@theglobeandmail.com","date":"2018-12-16"},
{"from":"wtumininihz@goo.gl","to":"seykelboschf6@disqus.com","date":"2018-07-27"},
{"from":"omorantdj@hud.gov","to":"mgriffinlc@51.la","date":"2018-08-08"},
{"from":"soldmeadow4u@google.cn","to":"htaylernz@a8.net","date":"2018-07-04"},
{"from":"rreddelljk@latimes.com","to":"dhadlownn@blogs.com","date":"2018-12-28"},
{"from":"ltitchenerki@wikia.com","to":"cduryio@blogspot.com","date":"2018-02-18"},
{"from":"bmoline80@goo.gl","to":"cruttgerse4@google.com.au","date":"2018-08-28"},
{"from":"ppourveerbf@state.gov","to":"aflippellidk@cloudflare.com","date":"2018-10-28"},
{"from":"rcicconefo@icio.us","to":"ctitheringtonev@plala.or.jp","date":"2018-01-31"},
{"from":"nvickers9g@spotify.com","to":"mswaytone2@mtv.com","date":"2019-01-14"},
{"from":"kpetigrew7t@newyorker.com","to":"nsandhillgi@dagondesign.com","date":"2018-06-23"},
{"from":"sbourgeoisk6@netlog.com","to":"eremmersg9@usda.gov","date":"2018-04-07"},
{"from":"tclemontsfr@ovh.net","to":"rshentonpl@prnewswire.com","date":"2018-05-06"},
{"from":"schatband31@cmu.edu","to":"wchatainier1d@gnu.org","date":"2019-01-26"},
{"from":"bofinan3t@nifty.com","to":"nperisar@creativecommons.org","date":"2018-10-23"},
{"from":"bprycejg@jimdo.com","to":"gwikeyfl@virginia.edu","date":"2018-09-22"},
{"from":"lbierlingp9@mozilla.org","to":"lmccookp8@nhs.uk","date":"2018-08-08"},
{"from":"wwytchard87@nps.gov","to":"bdrees9q@china.com.cn","date":"2018-07-20"},
{"from":"vsterriejz@tinypic.com","to":"hpieteschm3@addtoany.com","date":"2018-02-13"},
{"from":"pbrimblecombenr@free.fr","to":"ajoscelynqa@utexas.edu","date":"2019-01-15"},
{"from":"rparadish1@webnode.com","to":"wpetrakau@craigslist.org","date":"2018-07-14"},
{"from":"lthewlesm8@tuttocitta.it","to":"fjellybrand9h@unesco.org","date":"2018-12-03"},
{"from":"ggoulthorpko@umn.edu","to":"rbatcheldor19@netvibes.com","date":"2018-01-31"},
{"from":"nsandhillgi@dagondesign.com","to":"lsimkovicho1@shutterfly.com","date":"2018-06-26"},
{"from":"dnooree5@purevolume.com","to":"twillas5u@4shared.com","date":"2018-03-25"},
{"from":"wgoalby18@forbes.com","to":"vorchart16@hhs.gov","date":"2018-08-29"},
{"from":"amccreaghns@ibm.com","to":"pgeerlingk7@illinois.edu","date":"2018-10-23"},
{"from":"atesyroqf@bloomberg.com","to":"cseamarkn3@uol.com.br","date":"2018-06-24"},
{"from":"barrington9n@moonfruit.com","to":"ahogsdenkf@360.cn","date":"2018-06-01"},
{"from":"nkunathe7@dailymail.co.uk","to":"jbrattyg1@theglobeandmail.com","date":"2018-12-24"},
{"from":"klamyman61@smugmug.com","to":"msprasonpw@foxnews.com","date":"2018-04-11"},
{"from":"mvedekhinmt@vk.com","to":"nsandhillgi@dagondesign.com","date":"2018-06-06"},
{"from":"gsakinsd2@liveinternet.ru","to":"atupp2j@bandcamp.com","date":"2018-10-20"},
{"from":"mdockreyaf@salon.com","to":"rbatcheldor19@netvibes.com","date":"2018-10-10"},
{"from":"kivanchenkovg7@spiegel.de","to":"bbeurichja@yahoo.com","date":"2018-05-25"},
{"from":"hiacivellibw@ameblo.jp","to":"lmaccaughey6v@google.pl","date":"2018-12-26"},
{"from":"hlinskeyco@google.com.br","to":"awillmettsda@photobucket.com","date":"2018-06-17"},
{"from":"mstodit6q@de.vu","to":"ibowskilllm@usnews.com","date":"2018-02-24"},
{"from":"vpokergo@umich.edu","to":"clapthornly@facebook.com","date":"2018-10-01"},
{"from":"amcgarveyac@about.com","to":"lkingsforder@parallels.com","date":"2018-09-13"},
{"from":"epeeke1b@loc.gov","to":"rellershawdf@simplemachines.org","date":"2018-04-23"},
{"from":"ctappingtonaq@va.gov","to":"tinderwickn9@xrea.com","date":"2018-02-18"},
{"from":"santoneymu@statcounter.com","to":"gbathowe51@yellowbook.com","date":"2018-03-15"},
{"from":"amassow4a@abc.net.au","to":"iratledgef1@zdnet.com","date":"2018-07-30"},
{"from":"lbraidaz@netscape.com","to":"dmcaughtriebx@nih.gov","date":"2018-07-04"},
{"from":"edeakespp@japanpost.jp","to":"cginnelly8a@taobao.com","date":"2018-08-10"},
{"from":"lneelyob@mapquest.com","to":"bbrookesrl@1688.com","date":"2018-12-11"},
{"from":"lbierlingp9@mozilla.org","to":"vmcaulayqt@scientificamerican.com","date":"2018-07-08"},
{"from":"aferbrachedu@gnu.org","to":"aloyndonn5@soundcloud.com","date":"2018-03-19"},
{"from":"gspillane4c@wufoo.com","to":"mmenelaws4v@msu.edu","date":"2018-12-31"},
{"from":"mmarsonir@globo.com","to":"hharbertf7@privacy.gov.au","date":"2018-03-06"},
{"from":"fbinding4w@sourceforge.net","to":"chindrickna@godaddy.com","date":"2018-02-22"},
{"from":"vmcaulayqt@scientificamerican.com","to":"atupp2j@bandcamp.com","date":"2019-01-01"},
{"from":"btroyjs@pinterest.com","to":"cmenicok4@dailymail.co.uk","date":"2018-10-01"},
{"from":"hflight2b@sciencedirect.com","to":"glongmirek1@cafepress.com","date":"2018-09-06"},
{"from":"mludmann8p@ustream.tv","to":"esarjant40@hostgator.com","date":"2018-08-11"},
{"from":"cwannellq3@cargocollective.com","to":"vuvedalel0@uol.com.br","date":"2018-02-20"},
{"from":"nbissillh6@about.com","to":"pablesonm2@t-online.de","date":"2018-04-13"},
{"from":"croncellid3@ihg.com","to":"rpentlandoa@noaa.gov","date":"2018-08-04"},
{"from":"aoxenden67@go.com","to":"npaliserai@mac.com","date":"2018-09-18"},
{"from":"bmillandft@ucoz.ru","to":"dkilshawmg@surveymonkey.com","date":"2018-03-31"},
{"from":"rsapsforde8k@ucoz.ru","to":"fcoward4k@live.com","date":"2019-01-11"},
{"from":"ssiddonoh@washingtonpost.com","to":"bnecrewsgw@wp.com","date":"2018-02-18"},
{"from":"rhartingtonp4@yelp.com","to":"agoulding2n@webeden.co.uk","date":"2018-02-02"},
{"from":"mdugmore8m@t.co","to":"bdevillierhg@opera.com","date":"2018-03-03"},
{"from":"mpavierjy@networksolutions.com","to":"iboswardmz@geocities.com","date":"2018-06-19"},
{"from":"mroseveare2k@pen.io","to":"vbatemanq6@1und1.de","date":"2018-09-29"},
{"from":"vemonsmr@artisteer.com","to":"klodwig9e@bbc.co.uk","date":"2018-09-10"},
{"from":"sblaszczykd5@indiatimes.com","to":"mstodit6q@de.vu","date":"2018-06-07"},
{"from":"sjaskiewiczlp@ted.com","to":"telenoz@fema.gov","date":"2019-01-25"},
{"from":"mgosling6g@hexun.com","to":"lsavingg@xinhuanet.com","date":"2018-09-18"},
{"from":"crowesby9t@themeforest.net","to":"bdranfieldk8@uiuc.edu","date":"2018-02-20"},
{"from":"amccreaghns@ibm.com","to":"caggiop5@wp.com","date":"2018-12-08"},
{"from":"hzanassii1@sogou.com","to":"ggoulthorpko@umn.edu","date":"2018-12-28"},
{"from":"klamyman61@smugmug.com","to":"spurselowe53@flavors.me","date":"2018-11-29"},
{"from":"dwellbankaw@discovery.com","to":"hhalden8n@list-manage.com","date":"2018-10-23"},
{"from":"mquipp4p@mayoclinic.com","to":"tlanchberydl@desdev.cn","date":"2018-06-29"},
{"from":"cbenedidickie@geocities.jp","to":"hbergenrp@ihg.com","date":"2018-05-19"},
{"from":"fmorricep2@chron.com","to":"nschulzebk@behance.net","date":"2018-05-31"},
{"from":"mmarsonir@globo.com","to":"flaviescv@deliciousdays.com","date":"2018-07-24"},
{"from":"xvandenhofd@salon.com","to":"skiddern4@chronoengine.com","date":"2018-05-16"},
{"from":"mdanceyo2@psu.edu","to":"nbaggaley3h@princeton.edu","date":"2018-03-12"},
{"from":"bdagostini7b@histats.com","to":"mkrzyzowskii6@wp.com","date":"2018-10-06"},
{"from":"mfrimanbi@ftc.gov","to":"vbatemanq6@1und1.de","date":"2018-08-14"},
{"from":"hbergenrp@ihg.com","to":"greynaldsfg@hostgator.com","date":"2018-02-17"},
{"from":"llaitei@ovh.net","to":"pblackhurstla@intel.com","date":"2018-06-21"},
{"from":"adeferrariskd@sciencedirect.com","to":"mreedie23@accuweather.com","date":"2018-11-16"},
{"from":"bfaullgu@intel.com","to":"ahayleyn6@nps.gov","date":"2019-01-21"},
{"from":"cambrogioni34@huffingtonpost.com","to":"eremmersg9@usda.gov","date":"2018-02-01"},
{"from":"igummarykx@angelfire.com","to":"lhiggen5o@paypal.com","date":"2018-05-18"},
{"from":"dmaccathaydq@census.gov","to":"rhoudmontlz@macromedia.com","date":"2018-08-04"},
{"from":"ododwell4q@kickstarter.com","to":"rroblinc@vk.com","date":"2018-08-21"},
{"from":"llammimanqx@wired.com","to":"hmaccookgr@booking.com","date":"2018-09-26"},
{"from":"emaclean20@buzzfeed.com","to":"gpadleydg@auda.org.au","date":"2018-07-23"},
{"from":"toconnellan@cbslocal.com","to":"sbollamkq@topsy.com","date":"2018-02-03"},
{"from":"hmcgouganlg@over-blog.com","to":"jcollettml@nba.com","date":"2018-04-05"},
{"from":"ablakerch@dedecms.com","to":"rellershawdf@simplemachines.org","date":"2018-02-19"},
{"from":"knutley7m@addthis.com","to":"scossar2c@printfriendly.com","date":"2019-01-12"},
{"from":"hwegman96@guardian.co.uk","to":"pblackhurstla@intel.com","date":"2018-09-07"},
{"from":"bprycejg@jimdo.com","to":"pcootelv@mlb.com","date":"2018-01-27"},
{"from":"fnisbetf3@about.com","to":"emiddlerfu@omniture.com","date":"2018-03-02"},
{"from":"gwhebled6@walmart.com","to":"vfossittow@skype.com","date":"2018-09-22"},
{"from":"nkenwin8o@sbwire.com","to":"bcummingq9@jigsy.com","date":"2018-09-01"},
{"from":"lhazeldeanm1@behance.net","to":"lfevercu@ucoz.com","date":"2018-08-21"},
{"from":"caggiop5@wp.com","to":"dcordsky@msn.com","date":"2018-10-21"},
{"from":"jtunnadine56@hhs.gov","to":"kkempton9v@epa.gov","date":"2018-07-28"},
{"from":"ecallisskn@telegraph.co.uk","to":"aklaessonon@unblog.fr","date":"2018-12-17"},
{"from":"ndurtnelmk@squarespace.com","to":"achilde3@google.ru","date":"2018-06-29"},
{"from":"cnecoldsf5@fema.gov","to":"jcardoeop@ucsd.edu","date":"2018-10-16"},
{"from":"wbolgar3i@ca.gov","to":"rreddelljk@latimes.com","date":"2018-05-18"},
{"from":"ngreadybn@goodreads.com","to":"agliddon97@about.me","date":"2018-09-24"},
{"from":"aseifenmacherp7@themeforest.net","to":"nrowlstoneqp@dmoz.org","date":"2018-05-04"},
{"from":"abolesworthmf@imdb.com","to":"lpammenter1e@rambler.ru","date":"2018-02-14"},
{"from":"mblightcr@aboutads.info","to":"cstathor86@utexas.edu","date":"2018-06-20"},
{"from":"cginnelly8a@taobao.com","to":"kthyern8@google.ru","date":"2018-04-15"},
{"from":"mpendridh@github.com","to":"kthyern8@google.ru","date":"2018-04-19"},
{"from":"hescaleew@prnewswire.com","to":"glongmirek1@cafepress.com","date":"2018-07-25"},
{"from":"zcallqy@unc.edu","to":"awhittick1n@surveymonkey.com","date":"2019-01-21"},
{"from":"estove81@mapquest.com","to":"rgodspedeg4@washington.edu","date":"2019-01-02"},
{"from":"wiannellohe@chronoengine.com","to":"fpritchard3v@qq.com","date":"2018-07-24"},
{"from":"mbogeysij@instagram.com","to":"tchimenti8d@discovery.com","date":"2018-09-20"},
{"from":"mmitiepy@umich.edu","to":"sjumonetap@answers.com","date":"2018-12-15"},
{"from":"cstarsmore3x@vimeo.com","to":"ssiddonoh@washingtonpost.com","date":"2018-08-30"},
{"from":"ycarletqo@cocolog-nifty.com","to":"edeakespp@japanpost.jp","date":"2018-08-18"},
{"from":"omorantdj@hud.gov","to":"dhuggard4@dell.com","date":"2018-08-27"},
{"from":"wboggis65@fc2.com","to":"kgehringerb0@smugmug.com","date":"2018-09-21"},
{"from":"kgameson8g@list-manage.com","to":"mcubbon1y@sfgate.com","date":"2018-10-26"},
{"from":"mbenforda6@state.gov","to":"mologhlen7s@skyrock.com","date":"2018-02-23"},
{"from":"fdelhantygf@vistaprint.com","to":"ggrisenthwaiteov@printfriendly.com","date":"2018-06-08"},
{"from":"lklousnera7@cafepress.com","to":"mforrester4j@ezinearticles.com","date":"2018-12-01"},
{"from":"alevey8x@woothemes.com","to":"oworsnopaj@mozilla.org","date":"2018-08-08"},
{"from":"tcardenosani@slate.com","to":"mgoodwyn3d@netlog.com","date":"2018-11-17"},
{"from":"aedworthiefh@miibeian.gov.cn","to":"lsanthouseno@home.pl","date":"2018-06-19"},
{"from":"irobartshx@cnbc.com","to":"lduferie77@symantec.com","date":"2018-08-18"},
{"from":"atanto8@cdbaby.com","to":"bboatswain5v@google.com.hk","date":"2018-11-01"},
{"from":"lcallenf8@berkeley.edu","to":"dspearsl5@ibm.com","date":"2018-10-14"},
{"from":"vmcaulayqt@scientificamerican.com","to":"dromeraqc@chron.com","date":"2018-11-26"},
{"from":"gbatalle4x@tinypic.com","to":"hmcduffierb@list-manage.com","date":"2018-08-01"},
{"from":"mchippingc@epa.gov","to":"lsavingg@xinhuanet.com","date":"2018-06-08"},
{"from":"mmcilrath1t@uiuc.edu","to":"xvandenhofd@salon.com","date":"2018-05-06"},
{"from":"gstangroomfq@msu.edu","to":"toconnellan@cbslocal.com","date":"2018-09-29"},
{"from":"akindleysidesh4@digg.com","to":"cyuryaev1k@wordpress.org","date":"2018-12-01"},
{"from":"rpentlandoa@noaa.gov","to":"lgoodee95@newsvine.com","date":"2018-11-28"},
{"from":"grawsthorneks@princeton.edu","to":"gstangroomfq@msu.edu","date":"2018-03-23"},
{"from":"aglindehl@rediff.com","to":"fnisbetf3@about.com","date":"2018-10-26"},
{"from":"mbenforda6@state.gov","to":"kleafe7l@wiley.com","date":"2018-12-25"},
{"from":"tlanchberydl@desdev.cn","to":"rcicconefo@icio.us","date":"2018-03-05"},
{"from":"acass4r@irs.gov","to":"kmurrellm4@nifty.com","date":"2018-04-24"},
{"from":"atrewman84@tripod.com","to":"lriplynj@trellian.com","date":"2018-08-07"},
{"from":"bmoline80@goo.gl","to":"cfebryl9@twitpic.com","date":"2018-03-18"},
{"from":"psaltwellmm@vkontakte.ru","to":"croncellid3@ihg.com","date":"2018-03-12"},
{"from":"fdelhantygf@vistaprint.com","to":"pverlinde9s@moonfruit.com","date":"2018-09-08"},
{"from":"gbalogde@cyberchimps.com","to":"nbissillh6@about.com","date":"2018-08-15"},
{"from":"hflight2b@sciencedirect.com","to":"bcrawforth4i@com.com","date":"2018-04-15"},
{"from":"sdebenedictisbg@google.pl","to":"pverlinde9s@moonfruit.com","date":"2018-06-21"},
{"from":"wtumininihz@goo.gl","to":"llaitei@ovh.net","date":"2018-03-08"},
{"from":"fstringfellowo@latimes.com","to":"jmacduffp3@behance.net","date":"2019-01-05"},
{"from":"wtrinemanrc@paginegialle.it","to":"cparkeyri@macromedia.com","date":"2018-12-03"},
{"from":"bdohms3u@usnews.com","to":"nmccuddengj@hubpages.com","date":"2018-11-24"},
{"from":"ahorrod8u@exblog.jp","to":"alarosep@cnbc.com","date":"2018-05-21"},
{"from":"lhurfordh7@google.ca","to":"jtinstona2@shutterfly.com","date":"2018-04-10"},
{"from":"cparkman9r@diigo.com","to":"mstodit6q@de.vu","date":"2018-10-05"},
{"from":"gbrugemannk@github.com","to":"cwindaybankcq@blogspot.com","date":"2018-03-20"},
{"from":"amacmenamie8v@hp.com","to":"lberesfordqe@barnesandnoble.com","date":"2018-08-11"},
{"from":"vgreatbachen@newyorker.com","to":"fmorricep2@chron.com","date":"2018-11-11"},
{"from":"atupp2j@bandcamp.com","to":"jprineqj@yale.edu","date":"2018-09-24"},
{"from":"bcummingq9@jigsy.com","to":"bfishpondgs@noaa.gov","date":"2018-08-20"},
{"from":"ctrevertonbd@amazon.co.jp","to":"jayres3l@twitpic.com","date":"2018-02-22"},
{"from":"bfaradyb4@booking.com","to":"fsumptern7@state.gov","date":"2018-05-02"},
{"from":"bewinged@reuters.com","to":"fheersemapk@ameblo.jp","date":"2018-02-17"},
{"from":"rbuckbeekt@npr.org","to":"sbollamkq@topsy.com","date":"2018-10-04"},
{"from":"kmcphatec9@topsy.com","to":"bhandyb1@mapquest.com","date":"2018-09-11"},
{"from":"csaxelbyiu@etsy.com","to":"sdomnickhi@youtube.com","date":"2018-09-23"},
{"from":"pyitshak88@smh.com.au","to":"ccorbenjq@trellian.com","date":"2018-06-14"},
{"from":"subsdall3n@geocities.jp","to":"vuvedalel0@uol.com.br","date":"2018-10-08"},
{"from":"bumankz@uiuc.edu","to":"arameletek@photobucket.com","date":"2019-01-12"},
{"from":"rhannabussc1@wunderground.com","to":"sjirusc4@over-blog.com","date":"2018-09-17"},
{"from":"mosherinfi@huffingtonpost.com","to":"yramsdell2g@eventbrite.com","date":"2019-01-18"},
{"from":"golfertls@engadget.com","to":"kdrew85@msu.edu","date":"2018-11-14"},
{"from":"rfesbyhf@nyu.edu","to":"alevey8x@woothemes.com","date":"2018-11-05"},
{"from":"hzanassii1@sogou.com","to":"btroyjs@pinterest.com","date":"2018-02-18"},
{"from":"spantinc5@mail.ru","to":"cdodwellax@google.co.jp","date":"2018-04-29"},
{"from":"tfaccini3y@t.co","to":"nheeley36@ifeng.com","date":"2018-10-28"},
{"from":"dbenner1s@noaa.gov","to":"mwickendonfs@edublogs.org","date":"2018-10-14"},
{"from":"wiannellohe@chronoengine.com","to":"twalpole7d@weibo.com","date":"2018-04-08"},
{"from":"lberrisford8r@cyberchimps.com","to":"kbrandleo4@chron.com","date":"2018-06-24"},
{"from":"rianninir2@cnn.com","to":"rkleinsterneu@g.co","date":"2018-07-06"},
{"from":"rhowkinscw@nature.com","to":"taleksandrikingl@liveinternet.ru","date":"2018-02-15"},
{"from":"lsimkovicho1@shutterfly.com","to":"pverlinde9s@moonfruit.com","date":"2018-12-03"},
{"from":"lsapseedq@soup.io","to":"lpetrenkog3@clickbank.net","date":"2018-08-25"},
{"from":"mfrimanbi@ftc.gov","to":"edeakespp@japanpost.jp","date":"2018-07-24"},
{"from":"klamyman61@smugmug.com","to":"wboggis65@fc2.com","date":"2018-12-05"},
{"from":"dlammimanqi@utexas.edu","to":"msenescall57@about.com","date":"2018-03-25"},
{"from":"knutley7m@addthis.com","to":"mblightcr@aboutads.info","date":"2018-12-16"},
{"from":"awhittick1n@surveymonkey.com","to":"bmoline80@goo.gl","date":"2018-05-05"},
{"from":"fbinding4w@sourceforge.net","to":"dspearsl5@ibm.com","date":"2018-11-27"},
{"from":"rshentonpl@prnewswire.com","to":"abutterisj5@surveymonkey.com","date":"2018-06-07"},
{"from":"mrobyo3@miibeian.gov.cn","to":"jjenicekkl@spiegel.de","date":"2018-06-27"},
{"from":"gjurasekmq@who.int","to":"dfaudriegt@opera.com","date":"2018-10-22"},
{"from":"kpeffercm@hc360.com","to":"krowenanv@paginegialle.it","date":"2018-05-20"},
{"from":"bbatallebv@moonfruit.com","to":"mbonessi5@furl.net","date":"2018-04-21"},
{"from":"smacpeicefa@posterous.com","to":"rellershawdf@simplemachines.org","date":"2018-04-16"},
{"from":"snewboldrk@ibm.com","to":"ebilneyc8@parallels.com","date":"2018-09-12"},
{"from":"rstollbergerge@parallels.com","to":"pelmar5i@devhub.com","date":"2018-08-01"},
{"from":"bofinan3t@nifty.com","to":"rhutchingesba@purevolume.com","date":"2018-07-30"},
{"from":"kdelcastelhk@tripadvisor.com","to":"lsimkovicho1@shutterfly.com","date":"2018-02-15"},
{"from":"editchfielddn@shinystat.com","to":"msteelix@weebly.com","date":"2018-12-01"},
{"from":"nbertlin8j@businessinsider.com","to":"pfragino9p@behance.net","date":"2018-03-05"},
{"from":"sglascl@soundcloud.com","to":"asandifordm9@free.fr","date":"2018-10-12"},
{"from":"nashall3b@nature.com","to":"kkempton9v@epa.gov","date":"2018-05-07"},
{"from":"ostubbingsfk@paypal.com","to":"pmccaughenr@csmonitor.com","date":"2018-11-01"},
{"from":"kperfitt38@vimeo.com","to":"rhannabussc1@wunderground.com","date":"2018-06-14"},
{"from":"asonnerpf@tumblr.com","to":"dmcaughtriebx@nih.gov","date":"2018-11-10"},
{"from":"mbogeysij@instagram.com","to":"amacmenamie8v@hp.com","date":"2018-04-30"},
{"from":"tstrudwickg2@spiegel.de","to":"sdonnekw@123-reg.co.uk","date":"2018-03-14"},
{"from":"lberrisford8r@cyberchimps.com","to":"lhiggen5o@paypal.com","date":"2018-03-28"},
{"from":"kgehringerb0@smugmug.com","to":"rhurrypz@ameblo.jp","date":"2018-06-08"},
{"from":"dpeasnonee3@psu.edu","to":"sjaskiewiczlp@ted.com","date":"2018-06-02"},
{"from":"gclailmv@blogs.com","to":"nheeley36@ifeng.com","date":"2018-03-28"},
{"from":"pkernoghan93@zdnet.com","to":"lmeatyard5r@pinterest.com","date":"2018-12-12"},
{"from":"toconnellan@cbslocal.com","to":"atupp2j@bandcamp.com","date":"2018-02-28"},
{"from":"mfrankiss6o@example.com","to":"pdomanski9m@bizjournals.com","date":"2018-04-27"},
{"from":"ddamrellnk@howstuffworks.com","to":"cjanseyb3@economist.com","date":"2018-09-01"},
{"from":"lhanigangp@gov.uk","to":"rhurrypz@ameblo.jp","date":"2018-08-11"},
{"from":"rchoppingjt@cbslocal.com","to":"blefeverf@altervista.org","date":"2018-12-14"},
{"from":"pablesonm2@t-online.de","to":"asandifordm9@free.fr","date":"2018-09-20"},
{"from":"nfiveash17@epa.gov","to":"lbahdenu@usatoday.com","date":"2018-08-08"},
{"from":"lduffillej@nsw.gov.au","to":"snathonph@scientificamerican.com","date":"2018-11-17"},
{"from":"lsadgrovea8@elegantthemes.com","to":"gwhebled6@walmart.com","date":"2018-09-02"},
{"from":"hrollingbe@bloglines.com","to":"cmenicok4@dailymail.co.uk","date":"2018-03-04"},
{"from":"djelfbl@discuz.net","to":"gravenscraft32@miibeian.gov.cn","date":"2018-12-20"},
{"from":"kscotland6k@cbsnews.com","to":"kbourleym6@creativecommons.org","date":"2018-08-31"},
{"from":"cpiggotnl@buzzfeed.com","to":"aolandere0@dmoz.org","date":"2018-11-08"},
{"from":"mbonessi5@furl.net","to":"acass4r@irs.gov","date":"2018-04-22"},
{"from":"rsallerjh@slate.com","to":"whuskeb6@huffingtonpost.com","date":"2018-06-06"},
{"from":"jcollettml@nba.com","to":"mpimblettel@tripadvisor.com","date":"2018-08-17"},
{"from":"qseton37@rediff.com","to":"rhutchingesba@purevolume.com","date":"2018-10-09"},
{"from":"asandifordm9@free.fr","to":"rhurrypz@ameblo.jp","date":"2018-09-01"},
{"from":"tniaveif@theglobeandmail.com","to":"sgrimoldbydx@cbsnews.com","date":"2018-08-18"},
{"from":"atupp2j@bandcamp.com","to":"fpritchard3v@qq.com","date":"2018-12-15"},
{"from":"saslin7r@army.mil","to":"zpattendenim@surveymonkey.com","date":"2018-04-15"},
{"from":"cmcculloghrr@nba.com","to":"sboulsher5k@wsj.com","date":"2018-11-25"},
{"from":"mfrankiss6o@example.com","to":"tcatt8c@ebay.co.uk","date":"2018-08-31"},
{"from":"priccardokj@joomla.org","to":"mshellidaynq@archive.org","date":"2018-03-25"},
{"from":"lsimkovicho1@shutterfly.com","to":"rcampleno0@wisc.edu","date":"2018-05-07"},
{"from":"sblakemore7f@nationalgeographic.com","to":"ltitchenerki@wikia.com","date":"2018-02-24"},
{"from":"saustingog@ameblo.jp","to":"fstringfellowo@latimes.com","date":"2018-09-26"},
{"from":"kgarthlandjl@bandcamp.com","to":"apetruska1a@eventbrite.com","date":"2018-06-23"},
{"from":"konions30@creativecommons.org","to":"wtrinemanrc@paginegialle.it","date":"2018-04-01"},
{"from":"lfevercu@ucoz.com","to":"wserridgehm@dagondesign.com","date":"2018-04-16"},
{"from":"ndurtnelmk@squarespace.com","to":"cdelayglesiaslk@kickstarter.com","date":"2018-03-06"},
{"from":"twingermx@businesswire.com","to":"rnuccii1l@etsy.com","date":"2018-12-31"},
{"from":"irosenblathf4@imdb.com","to":"atomsarh@bloglines.com","date":"2018-07-10"},
{"from":"lwysonpt@tuttocitta.it","to":"lbullarcs@trellian.com","date":"2018-10-02"},
{"from":"skiddern4@chronoengine.com","to":"lrymourlj@abc.net.au","date":"2018-06-10"},
{"from":"jclampe8b@stumbleupon.com","to":"icreanjx@vkontakte.ru","date":"2019-01-13"},
{"from":"gneisinggq@mozilla.com","to":"aoxenden67@go.com","date":"2018-12-08"},
{"from":"gjurasekmq@who.int","to":"ahorrod8u@exblog.jp","date":"2018-08-22"},
{"from":"stomaszkiewiczos@discovery.com","to":"cspightby@vimeo.com","date":"2018-08-20"},
{"from":"dgouldiek0@theguardian.com","to":"hmaccookgr@booking.com","date":"2018-03-27"},
{"from":"ccadecb@geocities.jp","to":"priccardokj@joomla.org","date":"2018-07-23"},
{"from":"cmountdm@webmd.com","to":"vcoursorhb@moonfruit.com","date":"2018-06-30"},
{"from":"dfortescue49@tripod.com","to":"vuvedalel0@uol.com.br","date":"2019-01-21"},
{"from":"jclampe8b@stumbleupon.com","to":"wtrinemanrc@paginegialle.it","date":"2018-10-02"},
{"from":"msenoglescx@webeden.co.uk","to":"tcatt8c@ebay.co.uk","date":"2018-07-27"},
{"from":"lwordesworthic@facebook.com","to":"gbatalle4x@tinypic.com","date":"2018-09-30"},
{"from":"iforster9w@nsw.gov.au","to":"vemonsmr@artisteer.com","date":"2018-07-30"},
{"from":"abolesworthmf@imdb.com","to":"ecallisskn@telegraph.co.uk","date":"2018-07-03"},
{"from":"cscoatespn@deliciousdays.com","to":"cchern6r@about.me","date":"2018-09-18"},
{"from":"lberesfordqe@barnesandnoble.com","to":"ablakerch@dedecms.com","date":"2018-12-12"},
{"from":"tclemontsfr@ovh.net","to":"uemanuellijm@amazon.co.uk","date":"2018-10-04"},
{"from":"cromao69@google.ca","to":"yofahertymb@blinklist.com","date":"2019-01-22"},
{"from":"sjaskiewiczlp@ted.com","to":"fcrimesnc@xing.com","date":"2018-06-19"},
{"from":"ahayleyn6@nps.gov","to":"svernon79@cargocollective.com","date":"2018-11-01"},
{"from":"hcornfordc7@fastcompany.com","to":"paudrey5n@so-net.ne.jp","date":"2018-11-28"},
{"from":"wwytchard87@nps.gov","to":"kmooreseb@china.com.cn","date":"2018-10-21"},
{"from":"bfoulkes3q@arstechnica.com","to":"lrameauxi7@netlog.com","date":"2018-12-11"},
{"from":"tcatt8c@ebay.co.uk","to":"aglindehl@rediff.com","date":"2018-12-13"},
{"from":"nwimes5b@geocities.jp","to":"saslin7r@army.mil","date":"2018-03-17"},
{"from":"kpetigrew7t@newyorker.com","to":"subsdall3n@geocities.jp","date":"2018-11-19"},
{"from":"bfoulkes3q@arstechnica.com","to":"lberesfordqe@barnesandnoble.com","date":"2018-05-16"},
{"from":"sogden7@nifty.com","to":"bqueennb@jiathis.com","date":"2018-04-15"},
{"from":"bbeddishj@google.co.jp","to":"sgodart1m@fc2.com","date":"2018-04-20"},
{"from":"bumankz@uiuc.edu","to":"kvedikhov94@omniture.com","date":"2018-02-15"},
{"from":"snathonph@scientificamerican.com","to":"cpennyman8q@mtv.com","date":"2018-02-22"},
{"from":"fcrimesnc@xing.com","to":"cbeak8e@mtv.com","date":"2018-09-25"},
{"from":"cterbeekmp@scribd.com","to":"msteelix@weebly.com","date":"2018-02-15"},
{"from":"sjumonetap@answers.com","to":"rfesbyhf@nyu.edu","date":"2018-06-23"},
{"from":"bvigors43@sphinn.com","to":"fsumptern7@state.gov","date":"2018-04-16"},
{"from":"kscotland6k@cbsnews.com","to":"lrameauxi7@netlog.com","date":"2018-08-28"},
{"from":"bbeddishj@google.co.jp","to":"mreedie23@accuweather.com","date":"2018-12-25"},
{"from":"rbuckbeekt@npr.org","to":"lgoodee95@newsvine.com","date":"2018-11-10"},
{"from":"jcicchinelliat@cbc.ca","to":"laclandg6@slashdot.org","date":"2018-03-20"},
{"from":"nashall3b@nature.com","to":"asowood7n@dot.gov","date":"2018-12-15"},
{"from":"barrington9n@moonfruit.com","to":"lsimkovicho1@shutterfly.com","date":"2018-08-15"},
{"from":"aarnoldi2p@constantcontact.com","to":"gprantlkk@irs.gov","date":"2018-09-12"},
{"from":"jcollettml@nba.com","to":"cspitell5@themeforest.net","date":"2018-10-25"},
{"from":"asibbeh9@ocn.ne.jp","to":"btabbitt46@google.cn","date":"2018-04-29"},
{"from":"bcarlisle72@geocities.jp","to":"nambrosica@ted.com","date":"2018-07-23"},
{"from":"kpetigrew7t@newyorker.com","to":"mbrewinq7@prlog.org","date":"2018-03-21"},
{"from":"mrobyo3@miibeian.gov.cn","to":"hiacivellibw@ameblo.jp","date":"2018-11-17"},
{"from":"lwordesworthic@facebook.com","to":"wapplewhaitej1@altervista.org","date":"2018-02-20"},
{"from":"abollin75@nbcnews.com","to":"mchippingc@epa.gov","date":"2018-02-17"},
{"from":"lhallawaysll@latimes.com","to":"hfikepr@examiner.com","date":"2018-09-28"},
{"from":"ygreedyerbo@lycos.com","to":"sbourgeoisk6@netlog.com","date":"2018-07-16"},
{"from":"pcreedland6w@army.mil","to":"mgoacherfm@slashdot.org","date":"2018-06-08"},
{"from":"llabromod@skyrock.com","to":"ggoulthorpko@umn.edu","date":"2018-08-12"},
{"from":"twalpole7d@weibo.com","to":"gprantlkk@irs.gov","date":"2018-10-21"},
{"from":"tallcott68@alibaba.com","to":"dkubeckare@comsenz.com","date":"2018-04-29"},
{"from":"laclandg6@slashdot.org","to":"lblanpeiniv@ow.ly","date":"2019-01-06"},
{"from":"wmargett2u@bloomberg.com","to":"dfaudriegt@opera.com","date":"2019-01-18"},
{"from":"cbennettsj0@youtube.com","to":"cpiggotnl@buzzfeed.com","date":"2018-04-12"},
{"from":"bdrees9q@china.com.cn","to":"ealebrookelq@dell.com","date":"2018-10-20"},
{"from":"wyellep39@uiuc.edu","to":"vcoursorhb@moonfruit.com","date":"2018-12-04"},
{"from":"mwalstermw@google.de","to":"rdaybz@123-reg.co.uk","date":"2019-01-24"},
{"from":"rhartingtonp4@yelp.com","to":"tpadleyid@cargocollective.com","date":"2018-08-09"},
{"from":"lbierlingp9@mozilla.org","to":"wivanikhin6@pcworld.com","date":"2018-03-17"},
{"from":"rfesbyhf@nyu.edu","to":"ablunsen6i@naver.com","date":"2018-12-13"},
{"from":"kyeldon15@state.tx.us","to":"mgoacherfm@slashdot.org","date":"2018-07-15"},
{"from":"eebbs8@google.pl","to":"sjirusc4@over-blog.com","date":"2018-04-01"},
{"from":"stomaszkiewiczos@discovery.com","to":"sstorreeq@chicagotribune.com","date":"2018-02-23"},
{"from":"konions30@creativecommons.org","to":"bofinan3t@nifty.com","date":"2018-05-25"},
{"from":"fbrackleyes@unblog.fr","to":"mmcalindon6y@php.net","date":"2018-04-11"},
{"from":"bcarlisle72@geocities.jp","to":"kgameson8g@list-manage.com","date":"2018-05-26"},
{"from":"htaylernz@a8.net","to":"ckadd48@huffingtonpost.com","date":"2018-06-26"},
{"from":"tpadleyid@cargocollective.com","to":"bryanpv@columbia.edu","date":"2018-08-08"},
{"from":"amoehlel3@hp.com","to":"sfarnfieldhr@google.fr","date":"2018-02-08"},
{"from":"kgehringerb0@smugmug.com","to":"hspellacey5f@lycos.com","date":"2018-06-25"},
{"from":"aollerhad8y@oakley.com","to":"sdonnekw@123-reg.co.uk","date":"2019-01-12"},
{"from":"jayres3l@twitpic.com","to":"afrowqm@behance.net","date":"2018-09-30"},
{"from":"adorsayoj@wikipedia.org","to":"bnecrewsgw@wp.com","date":"2018-08-29"},
{"from":"lhiggen5o@paypal.com","to":"twingermx@businesswire.com","date":"2018-05-31"},
{"from":"mrawoodit@reference.com","to":"akindleysidesh4@digg.com","date":"2018-08-13"},
{"from":"dcroix28@hubpages.com","to":"lbullarcs@trellian.com","date":"2019-01-13"},
{"from":"hovenden7y@freewebs.com","to":"zpattendenim@surveymonkey.com","date":"2018-11-27"},
{"from":"qrebbeck6a@dell.com","to":"ododwell4q@kickstarter.com","date":"2018-06-12"},
{"from":"bhatterdi@myspace.com","to":"awhittick1n@surveymonkey.com","date":"2018-12-10"},
{"from":"cmenicok4@dailymail.co.uk","to":"lfevercu@ucoz.com","date":"2018-05-16"},
{"from":"saustingog@ameblo.jp","to":"eskeermorkp@yale.edu","date":"2018-02-09"},
{"from":"priccardokj@joomla.org","to":"emaclean20@buzzfeed.com","date":"2018-09-18"},
{"from":"fbanceqz@51.la","to":"mpimblettel@tripadvisor.com","date":"2018-08-05"},
{"from":"wiannellohe@chronoengine.com","to":"tclemontsfr@ovh.net","date":"2019-01-19"},
{"from":"tpadleyid@cargocollective.com","to":"msteelix@weebly.com","date":"2018-05-17"},
{"from":"patcheson1h@wordpress.com","to":"gprantlkk@irs.gov","date":"2018-12-15"},
{"from":"abucke5h@arstechnica.com","to":"bfantij2@blogger.com","date":"2018-04-25"},
{"from":"nshilton4t@typepad.com","to":"schatband31@cmu.edu","date":"2018-01-29"},
{"from":"jskylettom@hud.gov","to":"mswaytone2@mtv.com","date":"2018-08-02"},
{"from":"jheintzeq5@myspace.com","to":"dmeekingsgm@whitehouse.gov","date":"2018-03-29"},
{"from":"hiacivellibw@ameblo.jp","to":"gdibbs6u@economist.com","date":"2018-03-30"},
{"from":"pcreedland6w@army.mil","to":"gfurneauxi4@imgur.com","date":"2019-01-22"},
{"from":"fjellybrand9h@unesco.org","to":"mdockreyaf@salon.com","date":"2018-10-15"},
{"from":"yramsdell2g@eventbrite.com","to":"ldomesdayfb@wix.com","date":"2018-10-07"},
{"from":"sbankerik@guardian.co.uk","to":"lesseby7p@blogger.com","date":"2018-10-22"},
{"from":"tfaccini3y@t.co","to":"pverlinde9s@moonfruit.com","date":"2019-01-23"},
{"from":"aelceia@edublogs.org","to":"mcoglebj@aol.com","date":"2018-09-28"},
{"from":"ksavoryp6@ustream.tv","to":"gbinnionb9@vkontakte.ru","date":"2018-07-05"},
{"from":"aspringett7h@europa.eu","to":"fdelhantygf@vistaprint.com","date":"2018-01-27"},
{"from":"bsends7o@51.la","to":"kpetigrew7t@newyorker.com","date":"2018-06-17"},
{"from":"ibowskilllm@usnews.com","to":"ahayleyn6@nps.gov","date":"2018-10-08"},
{"from":"cplumer4o@wikipedia.org","to":"bdikesnw@cpanel.net","date":"2018-12-23"},
{"from":"lbohlingolsenqk@google.de","to":"dpfaffe63@mit.edu","date":"2019-01-04"},
{"from":"asandifordm9@free.fr","to":"barendsen2z@naver.com","date":"2018-05-15"},
{"from":"cferrandet@timesonline.co.uk","to":"cwindaybankcq@blogspot.com","date":"2018-04-10"},
{"from":"oranyellm5@google.co.uk","to":"tlanchberydl@desdev.cn","date":"2018-10-06"},
{"from":"dbotheiw@wisc.edu","to":"egercken7i@github.com","date":"2019-01-15"},
{"from":"hwolfeds@edublogs.org","to":"msteelix@weebly.com","date":"2018-04-27"},
{"from":"cpykeh5@ox.ac.uk","to":"eskeermorkp@yale.edu","date":"2018-11-09"},
{"from":"awillmettsda@photobucket.com","to":"tladbrookcy@istockphoto.com","date":"2018-09-02"},
{"from":"emiddlerfu@omniture.com","to":"tstathers33@comsenz.com","date":"2018-02-24"},
{"from":"zpattendenim@surveymonkey.com","to":"jtinstona2@shutterfly.com","date":"2018-06-11"},
{"from":"hmarti98@nifty.com","to":"aloggien1@sina.com.cn","date":"2018-04-05"},
{"from":"mwalstermw@google.de","to":"aseifenmacherp7@themeforest.net","date":"2018-05-13"},
{"from":"bsends7o@51.la","to":"pdomanski9m@bizjournals.com","date":"2018-11-26"},
{"from":"arothchildr4@nifty.com","to":"bdrain9f@purevolume.com","date":"2018-11-09"},
{"from":"zcallqy@unc.edu","to":"mconwsrg@squarespace.com","date":"2018-03-18"},
{"from":"alevey8x@woothemes.com","to":"pdomanski9m@bizjournals.com","date":"2018-11-17"},
{"from":"igisbeyl7@meetup.com","to":"akehoeku@over-blog.com","date":"2018-03-19"},
{"from":"mkilroy2i@themeforest.net","to":"bvigors43@sphinn.com","date":"2018-03-05"},
{"from":"cskainslf@soundcloud.com","to":"dfortescue49@tripod.com","date":"2018-05-17"},
{"from":"mbogeysij@instagram.com","to":"mdupre2m@newyorker.com","date":"2018-01-27"},
{"from":"rbanting1w@jiathis.com","to":"emaclean20@buzzfeed.com","date":"2019-01-14"},
{"from":"cdangerfieldpe@google.ru","to":"seykelboschf6@disqus.com","date":"2019-01-07"},
{"from":"cscoatespn@deliciousdays.com","to":"chince82@google.ru","date":"2018-08-01"},
{"from":"mmenelaws4v@msu.edu","to":"dwilmorei2@artisteer.com","date":"2018-03-27"},
{"from":"bbeurichja@yahoo.com","to":"jcardoeop@ucsd.edu","date":"2018-09-21"},
{"from":"mmcilrath1t@uiuc.edu","to":"sgrzesiewiczeh@nyu.edu","date":"2018-05-12"},
{"from":"hlinskeyco@google.com.br","to":"mblewab@aol.com","date":"2018-06-15"},
{"from":"bdranfieldk8@uiuc.edu","to":"kivashin6e@boston.com","date":"2018-03-13"},
{"from":"danfreyil@dell.com","to":"ctappingtonaq@va.gov","date":"2018-05-11"},
{"from":"afrowqm@behance.net","to":"ggoldhawk5t@prlog.org","date":"2018-04-07"},
{"from":"hiacivellibw@ameblo.jp","to":"twarboyg8@slate.com","date":"2018-12-11"},
{"from":"bqueennb@jiathis.com","to":"kmcphatec9@topsy.com","date":"2018-03-23"},
{"from":"aruddock4d@over-blog.com","to":"pcootelv@mlb.com","date":"2018-12-22"},
{"from":"gjurasekmq@who.int","to":"lgoodee95@newsvine.com","date":"2018-06-18"},
{"from":"awhittick1n@surveymonkey.com","to":"bupstellj@goo.ne.jp","date":"2018-12-01"},
{"from":"sblaszczykd5@indiatimes.com","to":"qlarby2q@samsung.com","date":"2018-03-01"},
{"from":"rhannabussc1@wunderground.com","to":"lmerwe3g@yahoo.co.jp","date":"2018-08-20"},
{"from":"icreanjx@vkontakte.ru","to":"vsterriejz@tinypic.com","date":"2018-06-11"},
{"from":"oklossekb5@vimeo.com","to":"htaylernz@a8.net","date":"2018-09-29"},
{"from":"kfarakerkm@booking.com","to":"sgrzesiewiczeh@nyu.edu","date":"2018-06-18"},
{"from":"hharbertf7@privacy.gov.au","to":"mgoomscz@dmoz.org","date":"2018-09-12"},
{"from":"hcosten8z@msn.com","to":"galloneep@last.fm","date":"2018-09-30"},
{"from":"hcosten8z@msn.com","to":"yparkman7u@google.com","date":"2018-07-21"},
{"from":"bpieronile@wp.com","to":"tfaccini3y@t.co","date":"2018-03-06"},
{"from":"vorchart16@hhs.gov","to":"skiddern4@chronoengine.com","date":"2018-09-28"},
{"from":"nsandhillgi@dagondesign.com","to":"dwardingleym7@chicagotribune.com","date":"2018-12-27"},
{"from":"rhannabussc1@wunderground.com","to":"swestgatec2@forbes.com","date":"2018-11-26"},
{"from":"kriselyi@sfgate.com","to":"jredrupdp@lulu.com","date":"2018-08-09"},
{"from":"bvigors43@sphinn.com","to":"lpammenter1e@rambler.ru","date":"2018-03-29"},
{"from":"cfebryl9@twitpic.com","to":"rcampleno0@wisc.edu","date":"2018-10-13"},
{"from":"kmeddick47@mashable.com","to":"patcheson1h@wordpress.com","date":"2018-05-07"},
{"from":"twarboyg8@slate.com","to":"bgofford1j@ucoz.com","date":"2018-04-21"},
{"from":"gwikeyfl@virginia.edu","to":"ygreedyerbo@lycos.com","date":"2018-04-13"},
{"from":"nrowlstoneqp@dmoz.org","to":"tsenettip@engadget.com","date":"2018-04-06"},
{"from":"aredhills22@webs.com","to":"cradloffr0@forbes.com","date":"2018-03-15"},
{"from":"nkenwin8o@sbwire.com","to":"hdelanyd0@ucoz.ru","date":"2018-04-23"},
{"from":"epeeke1b@loc.gov","to":"tkavanaghpi@cloudflare.com","date":"2018-10-09"},
{"from":"gvinase@godaddy.com","to":"nkenwin8o@sbwire.com","date":"2018-12-16"},
{"from":"crowesby9t@themeforest.net","to":"gdibbs6u@economist.com","date":"2018-06-28"},
{"from":"mgianninottig@imdb.com","to":"rianninir2@cnn.com","date":"2018-03-22"},
{"from":"fmariaudu@eepurl.com","to":"snathonph@scientificamerican.com","date":"2018-06-08"},
{"from":"ahayleyn6@nps.gov","to":"adeferrariskd@sciencedirect.com","date":"2018-05-20"},
{"from":"mdockreyaf@salon.com","to":"tniaveif@theglobeandmail.com","date":"2018-07-20"},
{"from":"schatband31@cmu.edu","to":"eprobettsak@bloomberg.com","date":"2018-03-21"},
{"from":"tcardenosani@slate.com","to":"tgunthorpeli@ucsd.edu","date":"2019-01-16"},
{"from":"spurselowe53@flavors.me","to":"lsydryy@weather.com","date":"2018-04-06"},
{"from":"emillbankem@printfriendly.com","to":"cskainslf@soundcloud.com","date":"2018-04-20"},
{"from":"hheinzleri3@google.com.hk","to":"abutterisj5@surveymonkey.com","date":"2018-11-22"},
{"from":"apyburncd@narod.ru","to":"whuskeb6@huffingtonpost.com","date":"2018-06-24"},
{"from":"seykelboschf6@disqus.com","to":"lhurfordh7@google.ca","date":"2018-10-04"},
{"from":"ssteger7v@mac.com","to":"rruminbt@newsvine.com","date":"2018-02-16"},
{"from":"snewboldrk@ibm.com","to":"nskillmanne@netvibes.com","date":"2018-08-02"},
{"from":"gbalogde@cyberchimps.com","to":"ablakerch@dedecms.com","date":"2018-02-07"},
{"from":"amcgahykh@psu.edu","to":"aloyndonn5@soundcloud.com","date":"2018-12-17"},
{"from":"bbortonju@globo.com","to":"cduryio@blogspot.com","date":"2018-12-14"},
{"from":"mghiriardelli7a@google.co.jp","to":"gadnetmi@businessweek.com","date":"2018-12-21"},
{"from":"lesseby7p@blogger.com","to":"mwickendonfs@edublogs.org","date":"2018-10-15"},
{"from":"gfurneauxi4@imgur.com","to":"twaddilowb7@biblegateway.com","date":"2018-04-06"},
{"from":"egouinlock3p@flickr.com","to":"hmcduffierb@list-manage.com","date":"2018-06-16"},
{"from":"cfebryl9@twitpic.com","to":"rdaybz@123-reg.co.uk","date":"2018-04-23"},
{"from":"bpayntona9@alibaba.com","to":"eprobettsak@bloomberg.com","date":"2018-07-19"},
{"from":"mbortolonims@patch.com","to":"gmoorcraftgh@wikispaces.com","date":"2018-08-28"},
{"from":"cbradmore25@timesonline.co.uk","to":"wboggis65@fc2.com","date":"2018-04-18"},
{"from":"btroyjs@pinterest.com","to":"pablesonm2@t-online.de","date":"2018-09-16"},
{"from":"tcatt8c@ebay.co.uk","to":"mreedie23@accuweather.com","date":"2018-06-05"},
{"from":"bboatswain5v@google.com.hk","to":"cnecoldsf5@fema.gov","date":"2019-01-22"},
{"from":"agilardonidh@springer.com","to":"gdessonjb@godaddy.com","date":"2018-10-11"},
{"from":"ajoscelynqa@utexas.edu","to":"vmarstersnx@shutterfly.com","date":"2018-11-30"},
{"from":"wmcarthur7e@360.cn","to":"dzanicchelli4n@ebay.com","date":"2018-08-06"},
{"from":"rdemschkehw@cloudflare.com","to":"qseton37@rediff.com","date":"2018-08-16"},
{"from":"bdranfieldk8@uiuc.edu","to":"caggiop5@wp.com","date":"2018-06-10"},
{"from":"nsandhillgi@dagondesign.com","to":"mdockreyaf@salon.com","date":"2018-06-05"},
{"from":"ymattaus6m@bbb.org","to":"hrollingbe@bloglines.com","date":"2018-12-19"},
{"from":"jdenisovichgv@seesaa.net","to":"eremmersg9@usda.gov","date":"2018-12-15"},
{"from":"bbeurichja@yahoo.com","to":"eprobettsak@bloomberg.com","date":"2018-04-22"},
{"from":"gbatalle4x@tinypic.com","to":"esircomb5c@ask.com","date":"2019-01-26"},
{"from":"tchimenti8d@discovery.com","to":"pkaspar3o@tmall.com","date":"2019-01-03"},
{"from":"hiacivellibw@ameblo.jp","to":"subsdall3n@geocities.jp","date":"2018-07-14"},
{"from":"bbrodheadcc@ovh.net","to":"vfossittow@skype.com","date":"2018-04-10"},
{"from":"nmcpikegd@google.com.hk","to":"ldomesdayfb@wix.com","date":"2018-06-14"},
{"from":"odumbrallmh@sina.com.cn","to":"iheppenspall50@liveinternet.ru","date":"2018-04-12"},
{"from":"tkavanaghpi@cloudflare.com","to":"dsouterd8@omniture.com","date":"2019-01-24"},
{"from":"llammimanqx@wired.com","to":"fvilleo9@plala.or.jp","date":"2018-06-19"},
{"from":"ldomesdayfb@wix.com","to":"lwithefordhc@goo.gl","date":"2018-07-11"},
{"from":"bvigors43@sphinn.com","to":"asonnerpf@tumblr.com","date":"2018-04-15"},
{"from":"cnaysheb8@disqus.com","to":"smacpeicefa@posterous.com","date":"2018-06-16"},
{"from":"konions30@creativecommons.org","to":"dfarrandeg@economist.com","date":"2018-02-15"},
{"from":"knyssensq1@kickstarter.com","to":"gpadleydg@auda.org.au","date":"2018-10-01"},
{"from":"gbatalle4x@tinypic.com","to":"iheppenspall50@liveinternet.ru","date":"2018-07-24"},
{"from":"gbatalle4x@tinypic.com","to":"edelcastelkc@cbslocal.com","date":"2018-04-01"},
{"from":"bbortonju@globo.com","to":"sclapison14@geocities.com","date":"2018-10-20"},
{"from":"bdagostini7b@histats.com","to":"rsquiresc0@technorati.com","date":"2018-06-23"},
{"from":"tfaccini3y@t.co","to":"lberrisford8r@cyberchimps.com","date":"2018-04-23"},
{"from":"kgeibelpu@cbc.ca","to":"tetoilepo@php.net","date":"2018-12-18"},
{"from":"dacresmn@state.gov","to":"kleafe7l@wiley.com","date":"2018-10-05"},
{"from":"rianninir2@cnn.com","to":"hpieteschm3@addtoany.com","date":"2018-11-03"},
{"from":"sbollamkq@topsy.com","to":"krowenanv@paginegialle.it","date":"2018-02-04"},
{"from":"lrameauxi7@netlog.com","to":"tladbrookcy@istockphoto.com","date":"2018-07-19"},
{"from":"vorchart16@hhs.gov","to":"tkavanaghpi@cloudflare.com","date":"2018-12-21"},
{"from":"dlimrickf9@miibeian.gov.cn","to":"sgrzesiewiczeh@nyu.edu","date":"2018-03-11"},
{"from":"psaltwellmm@vkontakte.ru","to":"soldmeadow4u@google.cn","date":"2018-09-03"},
{"from":"gneisinggq@mozilla.com","to":"kgameson8g@list-manage.com","date":"2018-08-10"},
{"from":"hmcgouganlg@over-blog.com","to":"llammimanqx@wired.com","date":"2018-06-02"},
{"from":"kivashin6e@boston.com","to":"amcgahykh@psu.edu","date":"2018-12-01"},
{"from":"dwellbankaw@discovery.com","to":"jwidger62@gov.uk","date":"2018-07-16"},
{"from":"mswaytone2@mtv.com","to":"jromanet8h@hexun.com","date":"2018-01-27"},
{"from":"cstarsmore3x@vimeo.com","to":"dbalnaveje@biblegateway.com","date":"2018-03-14"},
{"from":"gbasilottaz@europa.eu","to":"rsquiresc0@technorati.com","date":"2018-08-07"},
{"from":"mgoacherfm@slashdot.org","to":"pzettler9c@guardian.co.uk","date":"2018-06-26"},
{"from":"rkleinsterneu@g.co","to":"jtilsley8l@symantec.com","date":"2019-01-22"},
{"from":"oegdalhh@ox.ac.uk","to":"atesyroqf@bloomberg.com","date":"2018-03-11"},
{"from":"cbeak8e@mtv.com","to":"cromao69@google.ca","date":"2018-03-15"},
{"from":"bballard2y@state.tx.us","to":"kriselyi@sfgate.com","date":"2019-01-12"},
{"from":"nwisniewskir3@fema.gov","to":"iheppenspall50@liveinternet.ru","date":"2018-07-27"},
{"from":"sgodart1m@fc2.com","to":"mshellidaynq@archive.org","date":"2018-12-25"},
{"from":"bcoleirop0@xinhuanet.com","to":"pfragino9p@behance.net","date":"2018-12-23"},
{"from":"bbeddishj@google.co.jp","to":"gdamrelhs@cornell.edu","date":"2018-09-28"},
{"from":"gclailmv@blogs.com","to":"asysland9l@usda.gov","date":"2018-08-22"},
{"from":"dmcaughtriebx@nih.gov","to":"agliddon97@about.me","date":"2019-01-25"},
{"from":"lblanpeiniv@ow.ly","to":"msteelix@weebly.com","date":"2018-12-20"},
{"from":"aocollopyb@europa.eu","to":"loddieke@netscape.com","date":"2018-02-04"},
{"from":"tkavanaghpi@cloudflare.com","to":"gstangroomfq@msu.edu","date":"2018-02-11"},
{"from":"lmccookp8@nhs.uk","to":"fsodenqb@parallels.com","date":"2018-04-08"},
{"from":"dsouterd8@omniture.com","to":"scountw@bravesites.com","date":"2018-11-05"},
{"from":"bhatterdi@myspace.com","to":"dmcaughtriebx@nih.gov","date":"2018-10-16"},
{"from":"agrabehamj9@senate.gov","to":"akehoeku@over-blog.com","date":"2018-06-10"},
{"from":"slegerwood1f@prlog.org","to":"lwysonpt@tuttocitta.it","date":"2018-10-20"},
{"from":"cambrogioni34@huffingtonpost.com","to":"ggiacaponii0@webnode.com","date":"2018-02-22"},
{"from":"irowcastle1u@house.gov","to":"mgriffinlc@51.la","date":"2018-11-08"},
{"from":"patcheson1h@wordpress.com","to":"cnecoldsf5@fema.gov","date":"2018-04-01"},
{"from":"ibowskilllm@usnews.com","to":"hmaccookgr@booking.com","date":"2018-09-23"},
{"from":"jpovelein@mysql.com","to":"hhalden8n@list-manage.com","date":"2018-10-07"},
{"from":"jkeepq2@shutterfly.com","to":"gwhealny@cbc.ca","date":"2018-08-05"},
{"from":"gyeliashev7z@dyndns.org","to":"kkempton9v@epa.gov","date":"2018-07-07"},
{"from":"hbernardyho@kickstarter.com","to":"hescaleew@prnewswire.com","date":"2018-10-23"},
{"from":"nlattimore41@ebay.com","to":"mrustmanjp@simplemachines.org","date":"2018-09-13"},
{"from":"mpeceyme@skype.com","to":"aloggien1@sina.com.cn","date":"2018-02-25"},
{"from":"dbolzence@wikimedia.org","to":"mdugmore8m@t.co","date":"2018-09-22"},
{"from":"nbarkusd7@epa.gov","to":"sshephardkv@squarespace.com","date":"2018-12-05"},
{"from":"vsterriejz@tinypic.com","to":"dcordsky@msn.com","date":"2018-09-08"},
{"from":"bchittey44@webmd.com","to":"mgosling6g@hexun.com","date":"2018-11-22"},
{"from":"nheeley36@ifeng.com","to":"fnisbetf3@about.com","date":"2018-02-17"},
{"from":"gbrugemannk@github.com","to":"bballard2y@state.tx.us","date":"2018-02-14"},
{"from":"dcroix28@hubpages.com","to":"cbenedidickie@geocities.jp","date":"2018-11-25"},
{"from":"cdannelln0@sitemeter.com","to":"jwidmoor4b@house.gov","date":"2018-07-20"},
{"from":"kmurrellm4@nifty.com","to":"lsavingg@xinhuanet.com","date":"2018-12-28"},
{"from":"oegdalhh@ox.ac.uk","to":"ctappingtonaq@va.gov","date":"2018-07-07"},
{"from":"rhoudmontlz@macromedia.com","to":"kthyern8@google.ru","date":"2018-10-07"},
{"from":"dlammimanqi@utexas.edu","to":"dmcaughtriebx@nih.gov","date":"2018-07-14"},
{"from":"lneelyob@mapquest.com","to":"asowood7n@dot.gov","date":"2018-02-25"},
{"from":"hflight2b@sciencedirect.com","to":"kpeffercm@hc360.com","date":"2018-06-30"},
{"from":"ephythiana@china.com.cn","to":"cclutterbuck1g@state.gov","date":"2018-05-31"},
{"from":"amoehlel3@hp.com","to":"rreddelljk@latimes.com","date":"2018-04-13"},
{"from":"mkrzyzowskii6@wp.com","to":"yparkman7u@google.com","date":"2018-04-14"},
{"from":"ahorrod8u@exblog.jp","to":"skoubujv@admin.ch","date":"2018-12-11"},
{"from":"bdevillierhg@opera.com","to":"santoneymu@statcounter.com","date":"2018-07-01"},
{"from":"mstodit6q@de.vu","to":"fsumptern7@state.gov","date":"2018-09-04"},
{"from":"nfrancois5x@washington.edu","to":"lhanigangp@gov.uk","date":"2018-08-22"},
{"from":"msenescall57@about.com","to":"kgronallernm@baidu.com","date":"2018-11-26"},
{"from":"ccapse8@drupal.org","to":"tstrudwickg2@spiegel.de","date":"2018-11-21"},
{"from":"grawsthorneks@princeton.edu","to":"gwikeyfl@virginia.edu","date":"2018-02-27"},
{"from":"bupstellj@goo.ne.jp","to":"rellershawdf@simplemachines.org","date":"2018-04-11"},
{"from":"llammimanqx@wired.com","to":"desomlr@ning.com","date":"2018-05-20"},
{"from":"tstrudwickg2@spiegel.de","to":"apetruska1a@eventbrite.com","date":"2018-11-25"},
{"from":"sbourgeoisk6@netlog.com","to":"msuero8t@go.com","date":"2018-12-11"},
{"from":"jhoultham6n@disqus.com","to":"adederich4y@typepad.com","date":"2018-07-13"},
{"from":"sdomnickhi@youtube.com","to":"lbullarcs@trellian.com","date":"2018-04-23"},
{"from":"rferson9u@odnoklassniki.ru","to":"cdoyleyq8@amazon.de","date":"2018-07-08"},
{"from":"desomlr@ning.com","to":"csaxelbyiu@etsy.com","date":"2018-07-31"},
{"from":"msplevins3r@statcounter.com","to":"mhancoxez@epa.gov","date":"2018-03-20"},
{"from":"lhanigangp@gov.uk","to":"jkeepq2@shutterfly.com","date":"2018-03-11"},
{"from":"eremmersg9@usda.gov","to":"nnoodseo@ow.ly","date":"2018-06-08"},
{"from":"nkenwin8o@sbwire.com","to":"bdohms3u@usnews.com","date":"2018-10-20"},
{"from":"sogden7@nifty.com","to":"ahayleyn6@nps.gov","date":"2018-08-25"},
{"from":"bfishpondgs@noaa.gov","to":"mkilroy2i@themeforest.net","date":"2019-01-26"},
{"from":"tburtt4h@macromedia.com","to":"nperisar@creativecommons.org","date":"2018-06-09"},
{"from":"rellershawdf@simplemachines.org","to":"gspillane4c@wufoo.com","date":"2018-01-28"},
{"from":"bcummingq9@jigsy.com","to":"santoneymu@statcounter.com","date":"2018-09-28"},
{"from":"ccapse8@drupal.org","to":"hhosburnpg@nba.com","date":"2018-05-09"},
{"from":"nmccuddengj@hubpages.com","to":"aloggien1@sina.com.cn","date":"2018-04-20"},
{"from":"wgoalby18@forbes.com","to":"pyitshak88@smh.com.au","date":"2018-07-28"},
{"from":"afrowqm@behance.net","to":"cparkeyri@macromedia.com","date":"2018-11-03"},
{"from":"sogden7@nifty.com","to":"bphupratehu@webmd.com","date":"2018-07-14"},
{"from":"kgronallernm@baidu.com","to":"lgoodee95@newsvine.com","date":"2018-08-02"},
{"from":"dormistoneqs@wp.com","to":"ssteger7v@mac.com","date":"2018-06-05"},
{"from":"subsdall3n@geocities.jp","to":"cyuryaev1k@wordpress.org","date":"2018-05-04"},
{"from":"pbrimblecombenr@free.fr","to":"bwillmer2d@issuu.com","date":"2018-05-09"},
{"from":"kgarthlandjl@bandcamp.com","to":"bfitzsymon60@state.tx.us","date":"2018-07-29"},
{"from":"nbelcher66@dailymail.co.uk","to":"yramsdell2g@eventbrite.com","date":"2018-07-31"},
{"from":"mswanboroughpq@harvard.edu","to":"gbinnionb9@vkontakte.ru","date":"2018-04-08"},
{"from":"kgeibelpu@cbc.ca","to":"jtunnadine56@hhs.gov","date":"2018-12-15"},
{"from":"hhalden8n@list-manage.com","to":"mrockeyg0@edublogs.org","date":"2018-08-30"},
{"from":"gdebruinoc@sun.com","to":"aglindehl@rediff.com","date":"2018-12-30"},
{"from":"hmaccookgr@booking.com","to":"lduffillej@nsw.gov.au","date":"2018-04-09"},
{"from":"rianninir2@cnn.com","to":"tlyfee1@independent.co.uk","date":"2018-06-03"},
{"from":"cwannellq3@cargocollective.com","to":"cradloffr0@forbes.com","date":"2018-06-06"},
{"from":"dbenner1s@noaa.gov","to":"abissell59@squarespace.com","date":"2018-03-21"},
{"from":"nvickers9g@spotify.com","to":"tladbrookcy@istockphoto.com","date":"2018-04-10"},
{"from":"chindrickna@godaddy.com","to":"gkortingea@fema.gov","date":"2018-04-09"},
{"from":"lkingsforder@parallels.com","to":"oklossekb5@vimeo.com","date":"2018-02-01"},
{"from":"abolesworthmf@imdb.com","to":"mstodit6q@de.vu","date":"2018-03-25"},
{"from":"hpieteschm3@addtoany.com","to":"yparkman7u@google.com","date":"2018-09-20"},
{"from":"snatte9o@gov.uk","to":"fsexceyo5@mit.edu","date":"2018-06-22"},
{"from":"eremmersg9@usda.gov","to":"xvandenhofd@salon.com","date":"2018-11-22"},
{"from":"bsends7o@51.la","to":"cspightby@vimeo.com","date":"2018-10-10"},
{"from":"wmargett2u@bloomberg.com","to":"cromao69@google.ca","date":"2018-07-22"},
{"from":"gwikeyfl@virginia.edu","to":"aszymczyknh@disqus.com","date":"2018-05-14"},
{"from":"tlyfee1@independent.co.uk","to":"gyeliashev7z@dyndns.org","date":"2018-04-23"},
{"from":"bvigors43@sphinn.com","to":"llaitei@ovh.net","date":"2019-01-23"},
{"from":"vthoumasbu@economist.com","to":"tedelmanci@shop-pro.jp","date":"2018-12-24"},
{"from":"qlarby2q@samsung.com","to":"sdomnickhi@youtube.com","date":"2018-10-09"},
{"from":"jtilsley8l@symantec.com","to":"uemanuellijm@amazon.co.uk","date":"2019-01-03"},
{"from":"epeeke1b@loc.gov","to":"laclandg6@slashdot.org","date":"2018-06-27"},
{"from":"gwhealny@cbc.ca","to":"ssaphin5l@delicious.com","date":"2018-04-17"},
{"from":"pbrimblecombenr@free.fr","to":"omorantdj@hud.gov","date":"2018-02-18"},
{"from":"ssaphin5l@delicious.com","to":"lneelyob@mapquest.com","date":"2018-04-24"},
{"from":"sbrownswordqg@businesswire.com","to":"clevanes@friendfeed.com","date":"2018-05-27"},
{"from":"wchatainier1d@gnu.org","to":"wwytchard87@nps.gov","date":"2018-04-22"},
{"from":"kleafe7l@wiley.com","to":"hjambrozekr8@house.gov","date":"2018-08-27"},
{"from":"fshearsby6s@weibo.com","to":"jhanney6x@bigcartel.com","date":"2018-10-23"},
{"from":"dchupinl@google.pl","to":"cbenedidickie@geocities.jp","date":"2018-12-31"},
{"from":"lstannis58@ucoz.com","to":"dpodburyh0@taobao.com","date":"2018-06-13"},
{"from":"atomsarh@bloglines.com","to":"hbernardyho@kickstarter.com","date":"2018-03-26"},
{"from":"dbolzence@wikimedia.org","to":"ygreedyerbo@lycos.com","date":"2018-02-04"},
{"from":"pkaspar3o@tmall.com","to":"subsdall3n@geocities.jp","date":"2018-05-25"},
{"from":"pcootelv@mlb.com","to":"kspurpm@miitbeian.gov.cn","date":"2018-12-19"},
{"from":"cbradmore25@timesonline.co.uk","to":"rsquiresc0@technorati.com","date":"2018-03-30"},
{"from":"groakerq@yale.edu","to":"vemonsmr@artisteer.com","date":"2018-03-09"},
{"from":"gneisinggq@mozilla.com","to":"glovegroveiz@sohu.com","date":"2018-07-16"},
{"from":"irosenblathf4@imdb.com","to":"gibesonlu@yelp.com","date":"2018-10-26"},
{"from":"dkubeckare@comsenz.com","to":"aklaessonon@unblog.fr","date":"2018-07-23"},
{"from":"dpodburyh0@taobao.com","to":"gjurasekmq@who.int","date":"2018-07-14"},
{"from":"ostubbingsfk@paypal.com","to":"qrebbeck6a@dell.com","date":"2018-08-14"},
{"from":"hphippfx@chronoengine.com","to":"hzanassii1@sogou.com","date":"2018-06-02"},
{"from":"cclutterbuck1g@state.gov","to":"rasplemo@paypal.com","date":"2018-06-28"},
{"from":"gstangroomfq@msu.edu","to":"asibbeh9@ocn.ne.jp","date":"2018-07-12"},
{"from":"tkenford9b@narod.ru","to":"hovenden7y@freewebs.com","date":"2018-09-26"},
{"from":"fcrimesnc@xing.com","to":"cskainslf@soundcloud.com","date":"2018-12-13"},
{"from":"dbenner1s@noaa.gov","to":"bhandyb1@mapquest.com","date":"2018-10-24"},
{"from":"ksailerrd@csmonitor.com","to":"mgoodwyn3d@netlog.com","date":"2018-02-26"},
{"from":"wgarrardib@baidu.com","to":"kgeibelpu@cbc.ca","date":"2018-05-08"},
{"from":"ggoldhawk5t@prlog.org","to":"mtewkesberrier5@eventbrite.com","date":"2018-08-27"},
{"from":"cstarsmore3x@vimeo.com","to":"wtrinemanrc@paginegialle.it","date":"2018-04-18"},
{"from":"tjenkinspc@sakura.ne.jp","to":"knutley7m@addthis.com","date":"2018-04-29"},
{"from":"ahorrod8u@exblog.jp","to":"dzanicchelli4n@ebay.com","date":"2018-06-23"},
{"from":"sblaszczykd5@indiatimes.com","to":"gspillane4c@wufoo.com","date":"2018-06-06"},
{"from":"ggraeme4e@ftc.gov","to":"myousef5g@cyberchimps.com","date":"2018-07-22"},
{"from":"asysland9l@usda.gov","to":"aarnoldi2p@constantcontact.com","date":"2018-06-08"},
{"from":"kyeldon15@state.tx.us","to":"kkempton9v@epa.gov","date":"2018-09-09"},
{"from":"amodenqn@meetup.com","to":"mpeceyme@skype.com","date":"2018-08-16"},
{"from":"eemmetot@google.com","to":"nkenwin8o@sbwire.com","date":"2018-02-23"},
{"from":"kmcphatec9@topsy.com","to":"sglascl@soundcloud.com","date":"2018-07-13"},
{"from":"tlyfee1@independent.co.uk","to":"mrawoodit@reference.com","date":"2018-02-02"},
{"from":"hhedgeleygy@yellowpages.com","to":"igisbeyl7@meetup.com","date":"2018-02-03"},
{"from":"fshearsby6s@weibo.com","to":"yramsdell2g@eventbrite.com","date":"2018-06-18"},
{"from":"lstannis58@ucoz.com","to":"lduffillej@nsw.gov.au","date":"2018-10-11"},
{"from":"ppourveerbf@state.gov","to":"jprineqj@yale.edu","date":"2018-06-07"},
{"from":"mcuchey7j@dedecms.com","to":"wserridgehm@dagondesign.com","date":"2018-08-28"},
{"from":"jprineqj@yale.edu","to":"gbrugemannk@github.com","date":"2018-10-30"},
{"from":"bdrain9f@purevolume.com","to":"schatband31@cmu.edu","date":"2018-05-03"},
{"from":"ganten1q@hhs.gov","to":"sgrimoldbydx@cbsnews.com","date":"2018-06-23"},
{"from":"tinderwickn9@xrea.com","to":"cpykeh5@ox.ac.uk","date":"2018-09-08"},
{"from":"zcelloef@miibeian.gov.cn","to":"pmccaughenr@csmonitor.com","date":"2018-07-21"}]